FL_DATE,OP_CARRIER,OP_CARRIER_FL_NUM,ORIGIN,DEST,CRS_DEP_TIME,DEP_TIME,DEP_DELAY,TAXI_OUT,WHEELS_OFF,WHEELS_ON,TAXI_IN,CRS_ARR_TIME,ARR_TIME,ARR_DELAY,CANCELLED,CANCELLATION_CODE,DIVERTED,CRS_ELAPSED_TIME,ACTUAL_ELAPSED_TIME,AIR_TIME,DISTANCE,CARRIER_DELAY,WEATHER_DELAY,NAS_DELAY,SECURITY_DELAY,LATE_AIRCRAFT_DELAY
2010-01-01,MQ,4438,LGA,RDU,1940,2101,81,14,2115,2225,22,2130,2247,77,0,,0,110,106,70,431,0,0,0,0,77
2010-01-01,MQ,4440,DCA,JFK,950,949,-1,13,1002,1040,9,1100,1049,-11,0,,0,70,60,38,213,,,,,
2010-01-01,MQ,4443,LGA,RDU,900,937,37,11,948,1105,3,1100,1108,8,0,,0,120,91,77,431,,,,,
2010-01-01,MQ,4445,RDU,LGA,1940,1935,-5,12,1947,2051,4,2120,2055,-25,0,,0,100,80,64,431,,,,,
2010-01-01,MQ,4447,JFK,DCA,2035,2236,121,18,2254,2341,1,2200,2342,102,0,,0,85,66,47,213,0,0,0,0,102
2010-01-01,MQ,4448,DCA,JFK,600,557,-3,10,607,646,6,710,652,-18,0,,0,70,55,39,213,,,,,
2010-01-01,MQ,4449,RDU,LGA,1745,1739,-6,12,1751,1851,19,1930,1910,-20,0,,0,105,91,60,431,,,,,
2010-01-01,MQ,4450,DCA,JFK,1425,1420,-5,17,1437,1536,6,1545,1542,-3,0,,0,80,82,59,213,,,,,
2010-01-01,MQ,4454,DCA,JFK,1605,1601,-4,27,1628,1717,8,1730,1725,-5,0,,0,85,84,49,213,,,,,
2010-01-01,MQ,4455,JFK,DCA,1615,1622,7,21,1643,1732,5,1750,1737,-13,0,,0,95,75,49,213,,,,,
2010-01-01,MQ,4456,DCA,JFK,2025,2023,-2,11,2034,2119,5,2140,2124,-16,0,,0,75,61,45,213,,,,,
2010-01-01,MQ,4461,JFK,DCA,2235,2238,3,23,2301,2348,4,2355,2352,-3,0,,0,80,74,47,213,,,,,
2010-01-01,MQ,4464,LGA,BOS,645,638,-7,35,713,746,7,750,753,3,0,,0,65,75,33,185,,,,,
2010-01-01,MQ,4469,JFK,DCA,1025,1024,-1,23,1047,1139,3,1145,1142,-3,0,,0,80,78,52,213,,,,,
2010-01-01,MQ,4473,LGA,BOS,1905,1857,-8,11,1908,1942,6,2020,1948,-32,0,,0,75,51,34,185,,,,,
2010-01-01,MQ,4475,RDU,LGA,1840,1835,-5,12,1847,1949,4,2025,1953,-32,0,,0,105,78,62,431,,,,,
2010-01-01,MQ,4476,DCA,JFK,1155,1152,-3,15,1207,1248,7,1300,1255,-5,0,,0,65,63,41,213,,,,,
2010-01-01,MQ,4477,LGA,RDU,1250,1241,-9,17,1258,1424,5,1435,1429,-6,0,,0,105,108,86,431,,,,,
2010-01-01,MQ,4480,DCA,BOS,1230,1223,-7,10,1233,1328,5,1355,1333,-22,0,,0,85,70,55,399,,,,,
2010-01-01,MQ,4482,LGA,RDU,1620,1617,-3,13,1630,1747,4,1810,1751,-19,0,,0,110,94,77,431,,,,,
2010-01-01,MQ,4483,DCA,BOS,1815,1809,-6,10,1819,1918,8,1940,1926,-14,0,,0,85,77,59,399,,,,,
2010-01-01,MQ,4484,LGA,BNA,1110,1103,-7,9,1112,1218,12,1250,1230,-20,0,,0,160,147,126,764,,,,,
2010-01-01,MQ,4485,LGA,DTW,1430,1420,-10,9,1429,1549,6,1645,1555,-50,0,,0,135,95,80,501,,,,,
2010-01-01,MQ,4486,RDU,LGA,1125,1210,45,13,1223,1329,4,1305,1333,28,0,,0,100,83,66,431,0,0,0,0,28
2010-01-01,MQ,4487,BOS,RDU,1720,1713,-7,9,1722,1916,5,1930,1921,-9,0,,0,130,128,114,612,,,,,
2010-01-01,MQ,4489,LGA,BOS,2040,2047,7,11,2058,2130,4,2145,2134,-11,0,,0,65,47,32,185,,,,,
2010-01-01,MQ,4490,BOS,LGA,1015,1008,-7,22,1030,1109,4,1135,1113,-22,0,,0,80,65,39,185,,,,,
2010-01-01,MQ,4491,LGA,CLE,1825,1915,50,14,1929,2036,7,2010,2043,33,0,,0,105,88,67,418,33,0,0,0,0
2010-01-01,MQ,4495,BOS,LGA,855,848,-7,39,927,1004,5,1015,1009,-6,0,,0,80,81,37,185,,,,,
2010-01-01,MQ,4497,LGA,BOS,1700,1710,10,22,1732,1808,9,1810,1817,7,0,,0,70,67,36,185,,,,,
2010-01-01,MQ,4506,BOS,LGA,1835,1840,5,8,1848,1931,6,2000,1937,-23,0,,0,85,57,43,185,,,,,
2010-01-01,MQ,4511,LGA,BOS,1329,1338,9,12,1350,1422,6,1440,1428,-12,0,,0,71,50,32,185,,,,,
2010-01-01,MQ,4514,JFK,DCA,1830,1827,-3,31,1858,1946,2,2000,1948,-12,0,,0,90,81,48,213,,,,,
2010-01-01,MQ,4517,LGA,CRW,1845,1909,24,14,1923,2037,2,2050,2039,-11,0,,0,125,90,74,444,,,,,
2010-01-01,MQ,4518,CMH,LGA,1805,1800,-5,13,1813,1927,10,1950,1937,-13,0,,0,105,97,74,478,,,,,
2010-01-01,MQ,4522,JFK,DCA,830,849,19,26,915,1005,5,1000,1010,10,0,,0,90,81,50,213,,,,,
2010-01-01,MQ,4523,BOS,LGA,1635,1632,-3,15,1647,1728,6,1800,1734,-26,0,,0,85,62,41,185,,,,,
2010-01-01,MQ,4525,LGA,XNA,1445,1441,-4,12,1453,1702,5,1730,1707,-23,0,,0,225,206,189,1147,,,,,
2010-01-01,MQ,4526,CMH,LGA,1145,1153,8,10,1203,1317,31,1330,1348,18,0,,0,105,115,74,478,8,0,10,0,0
2010-01-01,MQ,4528,CLE,LGA,1710,1700,-10,27,1727,1840,9,1850,1849,-1,0,,0,100,109,73,418,,,,,
2010-01-01,MQ,4529,RDU,BOS,1325,1321,-4,9,1330,1445,5,1515,1450,-25,0,,0,110,89,75,612,,,,,
2010-01-01,MQ,4531,BOS,DCA,1715,1712,-3,12,1724,1848,3,1905,1851,-14,0,,0,110,99,84,399,,,,,
2010-01-01,MQ,4531,DCA,BNA,1930,1925,-5,8,1933,2005,4,2030,2009,-21,0,,0,120,104,92,562,,,,,
2010-01-01,MQ,4532,BDL,RDU,630,714,44,26,740,918,5,830,923,53,0,,0,120,129,98,532,44,0,9,0,0
2010-01-01,MQ,4533,RDU,BOS,1715,1707,-8,11,1718,1837,6,1910,1843,-27,0,,0,115,96,79,612,,,,,
2010-01-01,MQ,4536,BOS,RDU,1400,1353,-7,13,1406,1610,7,1610,1617,7,0,,0,130,144,124,612,,,,,
2010-01-01,MQ,4537,RDU,JFK,1805,2054,169,11,2105,2206,5,1955,2211,136,0,,0,110,77,61,426,71,0,0,0,65
2010-01-01,MQ,4540,BOS,RDU,1530,1643,73,11,1654,1857,4,1740,1901,81,0,,0,130,138,123,612,3,0,8,0,70
2010-01-01,MQ,4548,CMH,BOS,825,827,2,15,842,1011,5,1020,1016,-4,0,,0,115,109,89,640,,,,,
2010-01-01,MQ,4549,RDU,JFK,1615,1615,0,10,1625,1733,8,1800,1741,-19,0,,0,105,86,68,426,,,,,
2010-01-01,MQ,4555,LGA,CMH,1829,1824,-5,17,1841,2001,10,2025,2011,-14,0,,0,116,107,80,478,,,,,
2010-01-01,MQ,4557,CMH,LGA,1515,1507,-8,13,1520,1638,7,1705,1645,-20,0,,0,110,98,78,478,,,,,
2010-01-01,MQ,4559,BOS,CMH,1730,1808,38,10,1818,2007,18,1950,2025,35,0,,0,140,137,109,640,3,0,0,0,32
2010-01-01,MQ,4560,BOS,RDU,1115,1110,-5,13,1123,1323,3,1325,1326,1,0,,0,130,136,120,612,,,,,
2010-01-01,MQ,4562,RDU,BOS,1035,1149,74,11,1200,1313,6,1225,1319,54,0,,0,110,90,73,612,7,0,0,0,47
2010-01-01,MQ,4565,BOS,DCA,845,843,-2,34,917,1044,4,1030,1048,18,0,,0,105,125,87,399,0,0,18,0,0
2010-01-01,MQ,4567,LGA,BNA,830,826,-4,9,835,944,4,1010,948,-22,0,,0,160,142,129,764,,,,,
2010-01-01,MQ,4568,RDU,BDL,1500,1458,-2,10,1508,1614,7,1640,1621,-19,0,,0,100,83,66,532,,,,,
2010-01-01,MQ,4569,BOS,RDU,2005,1956,-9,11,2007,2150,4,2210,2154,-16,0,,0,125,118,103,612,,,,,
2010-01-01,MQ,4571,LGA,CMH,1540,1533,-7,17,1550,1710,7,1740,1717,-23,0,,0,120,104,80,478,,,,,
2010-01-01,MQ,4572,CLE,LGA,1105,1105,0,30,1135,1248,7,1245,1255,10,0,,0,100,110,73,418,,,,,
2010-01-01,MQ,4573,XNA,LGA,1015,1008,-7,16,1024,1357,21,1415,1418,3,0,,0,180,190,153,1147,,,,,
2010-01-01,MQ,4576,DTW,LGA,1710,1708,-2,14,1722,1844,5,1900,1849,-11,0,,0,110,101,82,501,,,,,
2010-01-01,MQ,4577,DTW,LGA,600,555,-5,25,620,736,4,740,740,0,0,,0,100,105,76,501,,,,,
2010-01-01,MQ,4580,DCA,JFK,1310,1309,-1,15,1324,1415,5,1430,1420,-10,0,,0,80,71,51,213,,,,,
2010-01-01,MQ,4581,DCA,RDU,1510,1534,24,10,1544,1627,2,1615,1629,14,0,,0,65,55,43,227,,,,,
2010-01-01,MQ,4585,RDU,BOS,1955,1947,-8,8,1955,2113,4,2140,2117,-23,0,,0,105,90,78,612,,,,,
2010-01-01,MQ,4587,LGA,CLE,1455,1453,-2,14,1507,1617,4,1645,1621,-24,0,,0,110,88,70,418,,,,,
2010-01-01,MQ,4588,LGA,CMH,2030,2024,-6,9,2033,2153,5,2225,2158,-27,0,,0,115,94,80,478,,,,,
2010-01-01,MQ,4589,LGA,CMH,1100,1112,12,10,1122,1246,5,1305,1251,-14,0,,0,125,99,84,478,,,,,
2010-01-01,MQ,4590,CMH,LGA,1345,1340,-5,8,1348,1501,6,1530,1507,-23,0,,0,105,87,73,478,,,,,
2010-01-01,MQ,4591,DCA,RDU,1810,1802,-8,11,1813,1902,4,1915,1906,-9,0,,0,65,64,49,227,,,,,
2010-01-01,MQ,4593,DTW,LGA,1540,,,,,,,1730,,,1,A,0,110,,,501,,,,,
2010-01-01,MQ,4594,BNA,DCA,1235,1226,-9,12,1238,1454,3,1510,1457,-13,0,,0,95,91,76,562,,,,,
2010-01-01,MQ,4594,DCA,BOS,1535,1534,-1,11,1545,1643,8,1705,1651,-14,0,,0,90,77,58,399,,,,,
2010-01-01,MQ,4598,BNA,DCA,1625,1619,-6,11,1630,1846,6,1900,1852,-8,0,,0,95,93,76,562,,,,,
2010-01-01,MQ,4598,DCA,BOS,1925,1924,-1,19,1943,2041,8,2045,2049,4,0,,0,80,85,58,399,,,,,
2010-01-01,MQ,4602,BOS,JFK,600,635,35,23,658,741,4,720,745,25,0,,0,80,70,43,187,25,0,0,0,0
2010-01-01,MQ,4607,BNA,DCA,1825,1829,4,13,1842,2057,3,2055,2100,5,0,,0,90,91,75,562,,,,,
2010-01-01,MQ,4609,JFK,BOS,2230,2227,-3,17,2244,2322,4,2335,2326,-9,0,,0,65,59,38,187,,,,,
2010-01-01,MQ,4611,JFK,BOS,810,815,5,22,837,911,4,925,915,-10,0,,0,75,60,34,187,,,,,
2010-01-01,MQ,4612,LGA,RDU,1530,1524,-6,12,1536,1652,5,1720,1657,-23,0,,0,110,93,76,431,,,,,
2010-01-01,MQ,4614,BOS,JFK,825,823,-2,46,909,954,6,945,1000,15,0,,0,80,97,45,187,0,0,15,0,0
2010-01-01,MQ,4616,JFK,BOS,1950,1957,7,25,2022,2057,8,2110,2105,-5,0,,0,80,68,35,187,,,,,
2010-01-01,MQ,4617,BOS,JFK,1935,1929,-6,24,1953,2033,6,2059,2039,-20,0,,0,84,70,40,187,,,,,
2010-01-01,MQ,4618,JFK,BOS,1525,1522,-3,20,1542,1615,5,1645,1620,-25,0,,0,80,58,33,187,,,,,
2010-01-01,MQ,4619,BOS,JFK,1730,1729,-1,17,1746,1830,15,1900,1845,-15,0,,0,90,76,44,187,,,,,
2010-01-01,MQ,4620,LGA,DTW,2010,2001,-9,10,2011,2132,9,2220,2141,-39,0,,0,130,100,81,501,,,,,
2010-01-01,MQ,4622,BOS,JFK,1250,1249,-1,15,1304,1351,4,1400,1355,-5,0,,0,70,66,47,187,,,,,
2010-01-01,MQ,4625,RDU,DCA,1640,1645,5,10,1655,1730,7,1745,1737,-8,0,,0,65,52,35,227,,,,,
2010-01-01,MQ,4627,BOS,JFK,950,948,-2,17,1005,1056,8,1105,1104,-1,0,,0,75,76,51,187,,,,,
2010-01-01,MQ,4628,DCA,RDU,1935,1928,-7,13,1941,2024,6,2040,2030,-10,0,,0,65,62,43,227,,,,,
2010-01-01,MQ,4629,RDU,DCA,630,625,-5,14,639,714,4,735,718,-17,0,,0,65,53,35,227,,,,,
2010-01-01,MQ,4630,RDU,DCA,1345,1418,33,9,1427,1503,8,1445,1511,26,0,,0,60,53,36,227,11,0,0,0,15
2010-01-01,MQ,4631,RDU,DCA,1200,1157,-3,13,1210,1246,3,1300,1249,-11,0,,0,60,52,36,227,,,,,
2010-01-01,MQ,4638,JFK,BOS,1359,1517,78,18,1535,1609,6,1505,1615,70,0,,0,66,58,34,187,70,0,0,0,0
2010-01-01,MQ,4640,DCA,RDU,800,754,-6,12,806,850,4,905,854,-11,0,,0,65,60,44,227,,,,,
2010-01-01,MQ,4641,BOS,DCA,1250,1244,-6,23,1307,1434,3,1435,1437,2,0,,0,105,113,87,399,,,,,
2010-01-01,MQ,4641,DCA,BNA,1500,1503,3,14,1517,1552,6,1600,1558,-2,0,,0,120,115,95,562,,,,,
2010-01-01,MQ,4645,BNA,LGA,1035,1030,-5,9,1039,1320,3,1340,1323,-17,0,,0,125,113,101,764,,,,,
2010-01-01,MQ,4653,BNA,LGA,1315,1309,-6,9,1318,1554,8,1625,1602,-23,0,,0,130,113,96,764,,,,,
2010-01-01,MQ,4655,JFK,RDU,1335,1331,-4,13,1344,1515,4,1525,1519,-6,0,,0,110,108,91,426,,,,,
2010-01-01,MQ,4656,RDU,JFK,1350,1355,5,14,1409,1538,7,1535,1545,10,0,,0,105,110,89,426,,,,,
2010-01-01,MQ,4662,BOS,JFK,1505,1504,-1,14,1518,1606,8,1629,1614,-15,0,,0,84,70,48,187,,,,,
2010-01-01,MQ,4664,BDL,RDU,1705,1658,-7,5,1703,1832,6,1855,1838,-17,0,,0,110,100,89,532,,,,,
2010-01-01,MQ,4668,JFK,BOS,1700,1725,25,21,1746,1823,8,1820,1831,11,0,,0,80,66,37,187,,,,,
2010-01-01,MQ,4670,RDU,DCA,1015,1014,-1,10,1024,1101,2,1115,1103,-12,0,,0,60,49,37,227,,,,,
2010-01-01,MQ,4672,DCA,RDU,1030,1111,41,6,1117,1201,5,1135,1206,31,0,,0,65,55,44,227,10,0,0,0,21
2010-01-01,MQ,4673,RDU,JFK,755,757,2,14,811,914,7,930,921,-9,0,,0,95,84,63,426,,,,,
2010-01-01,MQ,4676,JFK,BOS,1155,1154,-1,20,1214,1250,6,1305,1256,-9,0,,0,70,62,36,187,,,,,
2010-01-01,MQ,4677,RDU,BDL,1920,1929,9,15,1944,2055,9,2055,2104,9,0,,0,95,95,71,532,,,,,
2010-01-01,MQ,4679,JFK,DCA,1359,1358,-1,17,1415,1506,23,1525,1529,4,0,,0,86,91,51,213,,,,,
2010-01-01,MQ,4684,RDU,CMH,1930,1926,-4,7,1933,2040,5,2055,2045,-10,0,,0,85,79,67,361,,,,,
2010-01-01,MQ,4685,CMH,RDU,630,626,-4,21,647,742,5,745,747,2,0,,0,75,81,55,361,,,,,
2010-01-01,MQ,4694,JFK,RDU,1150,1149,-1,29,1218,1351,3,1335,1354,19,0,,0,105,125,93,426,0,0,19,0,0
2010-01-01,OH,4439,GSO,DTW,1000,1000,0,19,1019,1147,8,1154,1155,1,0,,0,114,115,88,460,,,,,
2010-01-01,OH,4440,DTW,OMA,1235,1235,0,15,1250,1337,6,1342,1343,1,0,,0,127,128,107,651,,,,,
2010-01-01,OH,4441,DTW,ORF,1305,1305,0,30,1335,1456,9,1455,1505,10,0,,0,110,120,81,529,,,,,
2010-01-01,OH,4442,DTW,PIT,1015,1012,-3,30,1042,1124,8,1131,1132,1,0,,0,76,80,42,201,,,,,
2010-01-01,OH,4443,MEM,SDF,1440,1515,35,10,1525,1721,9,1701,1730,29,0,,0,81,75,56,320,29,0,0,0,0
2010-01-01,OH,4444,SDF,MEM,1730,1800,30,14,1814,1807,8,1751,1815,24,0,,0,81,75,53,320,24,0,0,0,0
2010-01-01,OH,4445,SDF,MEM,1215,1435,140,7,1442,1435,9,1237,1444,127,0,,0,82,69,53,320,127,0,0,0,0
2010-01-01,OH,4446,MEM,SDF,935,927,-8,15,942,1140,4,1156,1144,-12,0,,0,81,77,58,320,,,,,
2010-01-01,OH,4447,MEM,SDF,1930,1925,-5,20,1945,2133,7,2153,2140,-13,0,,0,83,75,48,320,,,,,
2010-01-01,OH,4448,OMA,DTW,610,610,0,58,708,938,12,920,950,30,0,,0,130,160,90,651,0,0,30,0,0
2010-01-01,OH,4449,PIT,DTW,1035,1045,10,35,1120,1204,16,1158,1220,22,0,,0,83,95,44,201,10,0,12,0,0
2010-01-01,OH,4452,ORF,DTW,555,645,50,13,658,830,20,805,850,45,0,,0,130,125,92,529,45,0,0,0,0
2010-01-01,OH,4453,CMH,DTW,800,800,0,22,822,905,13,923,918,-5,0,,0,83,78,43,155,,,,,
2010-01-01,OH,4453,DTW,GSO,1025,1020,-5,21,1041,1150,10,1211,1200,-11,0,,0,106,100,69,460,,,,,
2010-01-01,OH,4454,DTW,BGR,1815,1810,-5,19,1829,2014,7,2028,2021,-7,0,,0,133,131,105,750,,,,,
2010-01-01,OH,5060,DTW,ROC,1825,1820,-5,24,1844,1935,17,1950,1952,2,0,,0,85,92,51,296,,,,,
2010-01-01,OH,5060,SDF,DTW,1515,1625,70,5,1630,1720,12,1645,1732,47,0,,0,90,67,50,306,47,0,0,0,0
2010-01-01,OH,5062,DTW,DAY,1815,1810,-5,20,1830,1910,5,1926,1915,-11,0,,0,71,65,40,166,,,,,
2010-01-01,OH,5063,BGR,DTW,1415,1415,0,33,1448,1655,15,1641,1710,29,0,,0,146,175,127,750,0,0,29,0,0
2010-01-01,OH,5064,DTW,BGR,1035,1035,0,35,1110,1250,5,1241,1255,14,0,,0,126,140,100,750,,,,,
2010-01-01,OH,5065,DTW,MDW,1255,1255,0,18,1313,1302,13,1315,1315,0,0,,0,80,80,49,229,,,,,
2010-01-01,OH,5066,MDW,DTW,1430,1425,-5,11,1436,1615,15,1658,1630,-28,0,,0,88,65,39,229,,,,,
2010-01-01,OH,5067,DTW,ROC,1305,1305,0,47,1352,1444,8,1421,1452,31,0,,0,76,107,52,296,0,0,31,0,0
2010-01-01,OH,5068,DAY,DTW,1025,1015,-10,26,1041,1128,2,1142,1130,-12,0,,0,77,75,47,166,,,,,
2010-01-01,OH,5069,GSO,DTW,1245,1240,-5,13,1253,1416,14,1439,1430,-9,0,,0,114,110,83,460,,,,,
2010-01-01,OH,5070,OMA,MSP,1658,1650,-8,14,1704,1757,17,1816,1814,-2,0,,0,78,84,53,282,,,,,
2010-01-01,OH,5071,ROC,DTW,1530,1530,0,36,1606,1704,16,1700,1720,20,0,,0,90,110,58,296,0,0,20,0,0
2010-01-01,OH,5072,DTW,CMH,2025,2025,0,24,2049,2128,20,2134,2148,14,0,,0,69,83,39,155,,,,,
2010-01-01,OH,5074,BHM,DTW,1105,1100,-5,14,1114,1410,12,1415,1422,7,0,,0,130,142,116,625,,,,,
2010-01-01,OH,5075,BGR,DTW,900,1010,70,58,1108,1303,15,1150,1318,88,0,,0,170,188,115,750,70,0,18,0,0
2010-01-01,OH,5075,DTW,SDF,1305,1400,55,15,1415,1509,6,1433,1515,42,0,,0,88,75,54,306,0,0,0,0,42
2010-01-01,OH,5076,DTW,HSV,835,835,0,30,905,935,2,938,937,-1,0,,0,123,122,90,554,,,,,
2010-01-01,OH,5078,DTW,BHM,905,905,0,40,945,1021,4,1022,1025,3,0,,0,137,140,96,625,,,,,
2010-01-01,OH,5080,ROC,DTW,620,620,0,20,640,735,20,804,755,-9,0,,0,104,95,55,296,,,,,
2010-01-01,OH,5081,DTW,GSO,1305,1305,0,27,1332,1453,5,1448,1458,10,0,,0,103,113,81,460,,,,,
2010-01-01,OH,5082,HSV,DTW,1113,1105,-8,14,1119,1349,16,1418,1405,-13,0,,0,125,120,90,554,,,,,
2010-01-01,OH,5083,DTW,PVD,1000,1018,18,27,1045,1210,5,1153,1215,22,0,,0,113,117,85,614,18,0,4,0,0
2010-01-01,OH,5084,DTW,OMA,1530,1530,0,25,1555,1635,10,1650,1645,-5,0,,0,140,135,100,651,,,,,
2010-01-01,OH,5084,PVD,DTW,1226,1240,14,12,1252,1432,15,1445,1447,2,0,,0,139,127,100,614,,,,,
2010-01-01,OH,5085,DAY,MSP,705,705,0,23,728,810,13,829,823,-6,0,,0,144,138,102,574,,,,,
2010-01-01,OH,5085,MSP,TUL,910,907,-3,21,928,1058,7,1115,1105,-10,0,,0,125,118,90,616,,,,,
2010-01-01,OH,5087,MSP,OMA,1515,1512,-3,13,1525,1615,5,1633,1620,-13,0,,0,78,68,50,282,,,,,
2010-01-01,OH,5087,TUL,MSP,1140,1135,-5,15,1150,1338,15,1347,1353,6,0,,0,127,138,108,616,,,,,
2010-01-01,OH,5090,MSP,ATW,715,710,-5,22,732,812,5,822,817,-5,0,,0,67,67,40,236,,,,,
2010-01-01,OH,5091,ATW,MSP,906,856,-10,10,906,951,34,1019,1025,6,0,,0,73,89,45,236,,,,,
2010-01-01,OH,5093,OMA,DTW,1412,1410,-2,16,1426,1707,10,1715,1717,2,0,,0,123,127,101,651,,,,,
2010-01-01,OH,5096,MSP,DAY,1530,1525,-5,17,1542,1800,5,1820,1805,-15,0,,0,110,100,78,574,,,,,
2010-01-01,OH,6425,JFK,ROC,1525,1517,-8,24,1541,1632,11,1714,1643,-31,0,,0,109,86,51,264,,,,,
2010-01-01,OH,6426,CVG,DTW,1040,1113,33,18,1131,1215,9,1156,1224,28,0,,0,76,71,44,229,28,0,0,0,0
2010-01-01,OH,6427,ATL,IAH,2130,2225,55,24,2249,2334,1,2251,2335,44,0,,0,141,130,105,689,44,0,0,0,0
2010-01-01,OH,6428,IAH,ATL,535,535,0,20,555,830,15,846,845,-1,0,,0,131,130,95,689,,,,,
2010-01-01,OH,6429,RDU,CVG,1135,1135,0,22,1157,1311,5,1322,1316,-6,0,,0,107,101,74,390,,,,,
2010-01-01,OH,6430,BTV,JFK,1210,1210,0,45,1255,1331,11,1358,1342,-16,0,,0,108,92,36,267,,,,,
2010-01-01,OH,6431,SAV,LGA,600,600,0,24,624,758,12,820,810,-10,0,,0,140,130,94,722,,,,,
2010-01-01,OH,6433,CVG,LGA,840,835,-5,15,850,1018,12,1053,1030,-23,0,,0,133,115,88,585,,,,,
2010-01-01,OH,6434,CVG,DTW,1700,1700,0,12,1712,1753,42,1825,1835,10,0,,0,85,95,41,229,,,,,
2010-01-01,OH,6435,MKE,JFK,955,1056,61,14,1110,1359,7,1259,1406,67,0,,0,124,130,109,746,61,0,6,0,0
2010-01-01,OH,6436,CVG,LGA,1412,1410,-2,15,1425,1552,12,1619,1604,-15,0,,0,127,114,87,585,,,,,
2010-01-01,OH,6437,IND,CVG,1815,1815,0,10,1825,1855,14,1907,1909,2,0,,0,52,54,30,98,,,,,
2010-01-01,OH,6439,ATL,MCI,850,850,0,28,918,1018,7,956,1025,29,0,,0,126,155,120,692,0,0,29,0,0
2010-01-01,OH,6443,LGA,CVG,1655,1645,-10,18,1703,1834,6,1923,1840,-43,0,,0,148,115,91,585,,,,,
2010-01-01,OH,6444,CLT,JFK,1610,1650,40,30,1720,1834,18,1850,1852,2,0,,0,160,122,74,541,,,,,
2010-01-01,OH,6445,CVG,MKE,1422,1422,0,12,1434,1435,5,1447,1440,-7,0,,0,85,78,61,318,,,,,
2010-01-01,OH,6447,JFK,MKE,1930,1930,0,57,2027,2120,5,2133,2125,-8,0,,0,183,175,113,746,,,,,
2010-01-01,OH,6448,CVG,BOS,2025,2025,0,17,2042,2219,7,2241,2226,-15,0,,0,136,121,97,752,,,,,
2010-01-01,OH,6452,ROC,JFK,1215,1207,-8,21,1228,1325,10,1348,1335,-13,0,,0,93,88,57,264,,,,,
2010-01-01,OH,6453,JFK,ROC,855,850,-5,45,935,1030,8,1034,1038,4,0,,0,99,108,55,264,,,,,
2010-01-01,OH,6456,BOS,CVG,1110,1135,25,23,1158,1351,6,1345,1357,12,0,,0,155,142,113,752,,,,,
2010-01-01,OH,6457,MKE,CVG,1625,1620,-5,10,1630,1827,10,1849,1837,-12,0,,0,84,77,57,318,,,,,
2010-01-01,OH,6458,BOS,RDU,900,855,-5,42,937,1141,19,1131,1200,29,0,,0,151,185,124,612,0,0,29,0,0
2010-01-01,OH,6461,DTW,CVG,1750,1810,20,35,1845,1930,5,1917,1935,18,0,,0,87,85,45,229,18,0,0,0,0
2010-01-01,OH,6462,ATL,DCA,925,950,25,24,1014,1120,6,1115,1126,11,0,,0,110,96,66,547,,,,,
2010-01-01,OH,6463,LGA,CVG,1100,1100,0,15,1115,1252,8,1332,1300,-32,0,,0,152,120,97,585,,,,,
2010-01-01,OH,6464,PHL,CVG,600,,,,,,,812,,,1,A,0,132,,,507,,,,,
2010-01-01,OH,6466,JFK,CVG,1320,1320,0,31,1351,1528,5,1559,1533,-26,0,,0,159,133,97,589,,,,,
2010-01-01,OH,6467,BHM,LGA,705,700,-5,15,715,1003,22,1048,1025,-23,0,,0,163,145,108,866,,,,,
2010-01-01,OH,6473,DFW,JFK,910,920,10,29,949,1338,10,1343,1348,5,0,,0,213,208,169,1391,,,,,
2010-01-01,OH,6474,BOS,CVG,1343,1455,72,11,1506,1704,2,1625,1706,41,0,,0,162,131,118,752,41,0,0,0,0
2010-01-01,OH,6476,JFK,RIC,1235,1300,25,27,1327,1437,6,1414,1443,29,0,,0,99,103,70,288,25,0,4,0,0
2010-01-01,OH,6477,CVG,ORD,1640,1635,-5,18,1653,1655,14,1714,1709,-5,0,,0,94,94,62,264,,,,,
2010-01-01,OH,6478,JFK,CVG,1635,1628,-7,15,1643,1840,6,1925,1846,-39,0,,0,170,138,117,589,,,,,
2010-01-01,OH,6480,ORD,CVG,1955,1940,-15,17,1957,2135,5,2220,2140,-40,0,,0,85,60,38,264,,,,,
2010-01-01,OH,6481,DCA,ATL,1200,1200,0,31,1231,1403,8,1404,1411,7,0,,0,124,131,92,547,,,,,
2010-01-01,OH,6482,CVG,PHL,1107,1130,23,13,1143,1256,4,1250,1300,10,0,,0,103,90,73,507,,,,,
2010-01-01,OH,6482,DFW,CVG,700,700,0,43,743,1027,7,1015,1034,19,0,,0,135,154,104,812,0,0,19,0,0
2010-01-01,OH,6485,LGA,CHS,1735,1733,-2,18,1751,1925,10,2006,1935,-31,0,,0,151,122,94,641,,,,,
2010-01-01,OH,6486,JFK,IND,1930,2000,30,57,2057,2244,11,2233,2255,22,0,,0,183,175,107,664,0,0,22,0,0
2010-01-01,OH,6487,MSP,CVG,1300,1330,30,11,1341,1559,6,1605,1605,0,0,,0,125,95,78,596,,,,,
2010-01-01,OH,6489,CVG,MSP,1225,1255,30,11,1306,1346,5,1340,1351,11,0,,0,135,116,100,596,,,,,
2010-01-01,OH,6490,DTW,CVG,1515,1515,0,10,1525,1616,6,1641,1622,-19,0,,0,86,67,51,229,,,,,
2010-01-01,OH,6491,ALB,CVG,540,540,0,38,618,820,7,804,827,23,0,,0,144,167,122,623,0,0,23,0,0
2010-01-01,OH,6494,LGA,JAX,1230,1230,0,15,1245,1512,6,1520,1518,-2,0,,0,170,168,147,834,,,,,
2010-01-01,OH,6499,CVG,IAH,1658,1658,0,19,1717,1832,4,1901,1836,-25,0,,0,183,158,135,871,,,,,
2010-01-01,OH,6499,LGA,CVG,1300,1247,-13,13,1300,1441,4,1530,1445,-45,0,,0,150,118,101,585,,,,,
2010-01-01,OH,6501,CVG,JFK,1435,1435,0,20,1455,1634,11,1650,1645,-5,0,,0,135,130,99,589,,,,,
2010-01-01,OH,6504,LGA,JAX,1925,2000,35,33,2033,2225,10,2213,2235,22,0,,0,168,155,112,834,22,0,0,0,0
2010-01-01,OH,6508,ATL,GSO,2132,2205,33,24,2229,2323,1,2258,2324,26,0,,0,86,79,54,306,26,0,0,0,0
2010-01-01,OH,6510,BOS,RDU,1645,1645,0,19,1704,1852,6,1916,1858,-18,0,,0,151,133,108,612,,,,,
2010-01-01,OH,6511,JAX,LGA,1250,1250,0,15,1305,1442,13,1519,1455,-24,0,,0,149,125,97,834,,,,,
2010-01-01,OH,6512,JFK,BOS,1450,1450,0,39,1529,1603,13,1628,1616,-12,0,,0,98,86,34,187,,,,,
2010-01-01,OH,6514,CVG,MSY,844,900,16,22,922,1005,5,1007,1010,3,0,,0,143,130,103,700,,,,,
2010-01-01,OH,6515,JAX,LGA,1600,1550,-10,16,1606,1752,24,1829,1816,-13,0,,0,149,146,106,834,,,,,
2010-01-01,OH,6517,RIC,JFK,1439,1500,21,33,1533,1639,21,1617,1700,43,0,,0,98,120,66,288,0,0,43,0,0
2010-01-01,OH,6518,CVG,SRQ,1116,1135,19,16,1151,1348,7,1337,1355,18,0,,0,141,140,117,812,18,0,0,0,0
2010-01-01,OH,6521,FWA,ATL,545,545,0,27,612,745,10,743,755,12,0,,0,118,130,93,508,,,,,
2010-01-01,OH,6522,DTW,CVG,705,900,115,47,947,1030,8,835,1038,123,0,,0,90,98,43,229,115,0,8,0,0
2010-01-01,OH,6523,CVG,RDU,1105,1130,25,20,1150,1250,6,1235,1256,21,0,,0,90,86,60,390,21,0,0,0,0
2010-01-01,OH,6523,MSP,CVG,730,,,,,,,1025,,,1,A,0,115,,,596,,,,,
2010-01-01,OH,6525,JFK,RIC,1845,1840,-5,39,1919,2016,7,2046,2023,-23,0,,0,121,103,57,288,,,,,
2010-01-01,OH,6526,CVG,DFW,2018,2018,0,15,2033,2137,8,2203,2145,-18,0,,0,165,147,124,812,,,,,
2010-01-01,OH,6528,ATL,OMA,1601,1601,0,16,1617,1726,7,1730,1733,3,0,,0,149,152,129,821,,,,,
2010-01-01,OH,6529,CVG,MSP,1940,1940,0,46,2026,2058,12,2057,2110,13,0,,0,137,150,92,596,,,,,
2010-01-01,OH,6532,ATL,SRQ,1330,1330,0,21,1351,1443,10,1500,1453,-7,0,,0,90,83,52,445,,,,,
2010-01-01,OH,6534,JFK,STL,2030,2030,0,47,2117,2228,23,2254,2251,-3,0,,0,204,201,131,892,,,,,
2010-01-01,OH,6539,MCI,ATL,1039,1100,21,29,1129,1400,6,1335,1406,31,0,,0,116,126,91,692,0,0,10,0,21
2010-01-01,OH,6540,GSO,ATL,830,825,-5,14,839,942,20,1000,1002,2,0,,0,90,97,63,306,,,,,
2010-01-01,OH,6543,BOS,JFK,1700,1700,0,35,1735,1818,14,1844,1832,-12,0,,0,104,92,43,187,,,,,
2010-01-01,OH,6544,JFK,PWM,2005,2005,0,49,2054,2142,5,2156,2147,-9,0,,0,111,102,48,274,,,,,
2010-01-01,OH,6547,JFK,RDU,1915,1955,40,15,2010,2157,8,2141,2205,24,0,,0,146,130,107,426,0,0,24,0,0
2010-01-01,OH,6548,CVG,DCA,2000,1955,-5,19,2014,2129,4,2134,2133,-1,0,,0,94,98,75,411,,,,,
2010-01-01,OH,6548,IAH,CVG,1545,1555,10,9,1604,1915,10,1914,1925,11,0,,0,149,150,131,871,,,,,
2010-01-01,OH,6549,ATL,GSO,1847,1847,0,42,1929,2015,5,2008,2020,12,0,,0,81,93,46,306,,,,,
2010-01-01,OH,6550,JFK,IAD,1935,1930,-5,17,1947,2038,4,2136,2042,-54,0,,0,121,72,51,228,,,,,
2010-01-01,OH,6551,DCA,CVG,1140,1140,0,11,1151,1259,10,1323,1309,-14,0,,0,103,89,68,411,,,,,
2010-01-01,OH,6552,CVG,PBI,915,935,20,12,947,1202,8,1147,1210,23,0,,0,152,155,135,892,20,0,3,0,0
2010-01-01,OH,6553,JFK,BGR,1700,1655,-5,34,1729,1840,5,1902,1845,-17,0,,0,122,110,71,382,,,,,
2010-01-01,OH,6555,CVG,DCA,1638,1635,-3,14,1649,1745,10,1813,1755,-18,0,,0,95,80,56,411,,,,,
2010-01-01,OH,6556,LGA,BHM,910,905,-5,31,936,1110,5,1123,1115,-8,0,,0,193,190,154,866,,,,,
2010-01-01,OH,6558,BWI,JFK,1230,1230,0,19,1249,1335,10,1347,1345,-2,0,,0,77,75,46,184,,,,,
2010-01-01,OH,6560,ORD,JFK,1114,1114,0,38,1152,1445,8,1441,1453,12,0,,0,147,159,113,740,,,,,
2010-01-01,OH,6561,JFK,ROC,2015,2010,-5,10,2020,2136,9,2211,2145,-26,0,,0,116,95,76,264,,,,,
2010-01-01,OH,6561,ORF,JFK,1742,1732,-10,18,1750,1847,11,1922,1858,-24,0,,0,100,86,57,289,,,,,
2010-01-01,OH,6562,PIT,JFK,620,620,0,32,652,754,9,815,803,-12,0,,0,115,103,62,340,,,,,
2010-01-01,OH,6565,JFK,PIT,1235,1225,-10,25,1250,1402,7,1431,1409,-22,0,,0,116,104,72,340,,,,,
2010-01-01,OH,6566,JFK,ALB,1840,1836,-4,36,1912,1946,6,2015,1952,-23,0,,0,95,76,34,145,,,,,
2010-01-01,OH,6566,PIT,JFK,1501,1501,0,12,1513,1630,18,1658,1648,-10,0,,0,117,107,77,340,,,,,
2010-01-01,OH,6567,BDL,JFK,1330,1600,150,65,1705,1803,7,1439,1810,211,0,,0,69,130,58,106,0,0,211,0,0
2010-01-01,OH,6567,JFK,PIT,1530,1638,68,27,1705,1806,15,1745,1821,36,0,,0,135,103,61,340,0,0,36,0,0
2010-01-01,OH,6568,PIT,JFK,1810,1845,35,15,1900,2007,28,2010,2035,25,0,,0,120,110,67,340,0,0,25,0,0
2010-01-01,OH,6569,JFK,PIT,2040,,,,,,,2253,,,1,A,0,133,,,340,,,,,
2010-01-01,OH,6569,PWM,JFK,1806,1800,-6,47,1847,1943,22,2000,2005,5,0,,0,114,125,56,274,,,,,
2010-01-01,OH,6570,ORD,JFK,1436,1515,39,23,1538,1813,17,1812,1830,18,0,,0,156,135,95,740,18,0,0,0,0
2010-01-01,OH,6572,CVG,JFK,1115,1115,0,15,1130,1257,11,1321,1308,-13,0,,0,126,113,87,589,,,,,
2010-01-01,OH,6572,JFK,BTV,1435,1435,0,29,1504,1550,7,1609,1557,-12,0,,0,94,82,46,267,,,,,
2010-01-01,OH,6573,CVG,MSP,1650,1740,50,8,1748,1825,15,1806,1840,34,0,,0,136,120,97,596,34,0,0,0,0
2010-01-01,OH,6573,PBI,CVG,1315,1430,75,25,1455,1655,5,1553,1700,67,0,,0,158,150,120,892,67,0,0,0,0
2010-01-01,OH,6575,BUF,JFK,1120,1120,0,25,1145,1251,4,1259,1255,-4,0,,0,99,95,66,301,,,,,
2010-01-01,OH,6577,CVG,SDF,1108,1315,127,14,1329,1350,6,1150,1356,126,0,,0,42,41,21,83,126,0,0,0,0
2010-01-01,OH,6577,DCA,CVG,840,840,0,13,853,1012,6,1028,1018,-10,0,,0,108,98,79,411,,,,,
2010-01-01,OH,6578,MCI,JFK,1100,1100,0,48,1148,1517,21,1441,1538,57,0,,0,161,218,149,1113,0,0,57,0,0
2010-01-01,OH,6579,JFK,MCI,1535,1623,48,36,1659,1850,5,1822,1855,33,0,,0,227,212,171,1113,0,33,0,0,0
2010-01-01,OH,6580,JFK,BTV,2030,,,,,,,2216,,,1,A,0,106,,,267,,,,,
2010-01-01,OH,6581,IAD,JFK,1220,1220,0,26,1246,1329,16,1350,1345,-5,0,,0,90,85,43,228,,,,,
2010-01-01,OH,6582,ORD,JFK,1745,1740,-5,21,1801,2045,5,2120,2050,-30,0,,0,155,130,104,740,,,,,
2010-01-01,OH,6583,SDF,CVG,1240,1230,-10,10,1240,1306,5,1327,1311,-16,0,,0,47,41,26,83,,,,,
2010-01-01,OH,6584,MSP,CVG,1900,1925,25,30,1955,2205,7,2158,2212,14,0,,0,118,107,70,596,,,,,
2010-01-01,OH,6586,IAH,JFK,800,800,0,22,822,1211,14,1236,1225,-11,0,,0,216,205,169,1417,,,,,
2010-01-01,OH,6588,CLT,JFK,1130,1125,-5,42,1207,1322,8,1344,1330,-14,0,,0,134,125,75,541,,,,,
2010-01-01,OH,6591,DCA,IND,1030,1030,0,12,1042,1210,10,1229,1220,-9,0,,0,119,110,88,499,,,,,
2010-01-01,OH,6592,IND,DCA,1259,1249,-10,16,1305,1425,5,1434,1430,-4,0,,0,95,101,80,499,,,,,
2010-01-01,OH,6593,DCA,IND,2000,1940,-20,7,1947,2104,8,2200,2112,-48,0,,0,120,92,77,499,,,,,
2010-01-01,OH,6594,IND,DCA,1700,1650,-10,7,1657,1812,4,1837,1816,-21,0,,0,97,86,75,499,,,,,
2010-01-01,OH,6595,LGA,RDU,855,850,-5,33,923,1046,5,1109,1051,-18,0,,0,134,121,83,431,,,,,
2010-01-01,OH,6596,CVG,DFW,912,1100,108,11,1111,1205,10,1058,1215,77,0,,0,166,135,114,812,77,0,0,0,0
2010-01-01,OH,6596,LGA,CVG,600,550,-10,61,651,837,6,827,843,16,0,,0,147,173,106,585,0,0,16,0,0
2010-01-01,OH,6602,CVG,DFW,1405,1420,15,7,1427,1525,7,1548,1532,-16,0,,0,163,132,118,812,,,,,
2010-01-01,OH,6602,JAX,CVG,1119,1135,16,15,1150,1314,4,1325,1318,-7,0,,0,126,103,84,614,,,,,
2010-01-01,OH,6603,LGA,CVG,750,745,-5,24,809,957,5,1022,1002,-20,0,,0,152,137,108,585,,,,,
2010-01-01,OH,6604,OMA,ATL,1715,1715,0,13,1728,2000,10,2032,2010,-22,0,,0,137,115,92,821,,,,,
2010-01-01,OH,6606,BGR,JFK,1300,1255,-5,47,1342,1530,9,1454,1539,45,0,,0,114,164,108,382,0,0,45,0,0
2010-01-01,OH,6608,BUF,JFK,1425,1430,5,33,1503,1612,7,1614,1619,5,0,,0,109,109,69,301,,,,,
2010-01-01,OH,6612,JFK,SYR,1459,1459,0,18,1517,1600,5,1632,1605,-27,0,,0,93,66,43,209,,,,,
2010-01-01,OH,6615,JFK,ORD,1200,1250,50,33,1323,1435,5,1406,1440,34,0,,0,186,170,132,740,34,0,0,0,0
2010-01-01,OH,6616,JFK,DTW,835,835,0,58,933,1101,18,1102,1119,17,0,,0,147,164,88,508,0,0,17,0,0
2010-01-01,OH,6617,JFK,ORD,1655,1655,0,32,1727,1830,10,1916,1840,-36,0,,0,201,165,123,740,,,,,
2010-01-01,OH,6618,CVG,LGA,1106,1134,28,37,1211,1342,8,1314,1350,36,0,,0,128,136,91,585,28,0,8,0,0
2010-01-01,OH,6619,RDU,BOS,900,900,0,15,915,1045,7,1104,1052,-12,0,,0,124,112,90,612,,,,,
2010-01-01,OH,6620,GSO,ATL,700,650,-10,17,707,815,5,836,820,-16,0,,0,96,90,68,306,,,,,
2010-01-01,OH,6621,JFK,ORD,1920,2005,45,44,2049,2143,7,2134,2150,16,0,,0,194,165,114,740,0,0,16,0,0
2010-01-01,OH,6622,MSY,CVG,1028,1028,0,23,1051,1333,7,1335,1340,5,0,,0,127,132,102,700,,,,,
2010-01-01,OH,6623,ATL,SYR,2133,2130,-3,19,2149,2333,7,2345,2340,-5,0,,0,132,130,104,793,,,,,
2010-01-01,OH,6625,CVG,DTW,1440,1500,20,14,1514,1605,13,1602,1618,16,0,,0,82,78,51,229,16,0,0,0,0
2010-01-01,OH,6627,JFK,IAH,1920,2055,95,34,2129,2355,10,2256,5,69,0,,0,276,250,206,1417,69,0,0,0,0
2010-01-01,OH,6628,CVG,JAX,855,855,0,26,921,1100,5,1056,1105,9,0,,0,121,130,99,614,,,,,
2010-01-01,OH,6629,DTW,JFK,900,900,0,45,945,1100,6,1105,1106,1,0,,0,125,126,75,508,,,,,
2010-01-01,OH,6631,JFK,BDL,1840,1838,-2,32,1910,1935,5,2010,1940,-30,0,,0,90,62,25,106,,,,,
2010-01-01,OH,6632,CVG,PIT,845,900,15,31,931,1015,5,1009,1020,11,0,,0,84,80,44,256,,,,,
2010-01-01,OH,6632,IND,CVG,654,654,0,30,724,750,5,800,755,-5,0,,0,66,61,26,98,,,,,
2010-01-01,OH,6634,CVG,STL,1103,1100,-3,18,1118,1126,4,1137,1130,-7,0,,0,94,90,68,307,,,,,
2010-01-01,OH,6636,STL,CVG,800,,,,,,,1021,,,1,B,0,81,,,307,,,,,
2010-01-01,OH,6637,STL,JFK,1210,1210,0,9,1219,1535,20,1548,1555,7,0,,0,158,165,136,892,,,,,
2010-01-01,OH,6638,JFK,BUF,1215,1230,15,33,1303,1403,3,1359,1406,7,0,,0,104,96,60,301,,,,,
2010-01-01,OH,6639,SRQ,ATL,1530,1530,0,23,1553,1705,15,1714,1720,6,0,,0,104,110,72,445,,,,,
2010-01-01,OH,6640,BNA,JFK,1100,1100,0,16,1116,1405,10,1429,1415,-14,0,,0,149,135,109,766,,,,,
2010-01-01,OH,6640,JFK,ORF,1525,1540,15,36,1616,1715,5,1717,1720,3,0,,0,112,100,59,289,,,,,
2010-01-01,OH,6641,CVG,JFK,1645,1640,-5,11,1651,1826,14,1903,1840,-23,0,,0,138,120,95,589,,,,,
2010-01-01,OH,6644,DCA,BOS,1100,1100,0,8,1108,1203,7,1236,1210,-26,0,,0,96,70,55,399,,,,,
2010-01-01,OH,6647,CVG,LGA,1655,1735,40,13,1748,1922,11,1908,1933,25,0,,0,133,118,94,585,25,0,0,0,0
2010-01-01,OH,6647,DFW,CVG,1230,1250,20,15,1305,1548,4,1546,1552,6,0,,0,136,122,103,812,,,,,
2010-01-01,OH,6648,JFK,SYR,1850,1910,20,35,1945,2022,10,2042,2032,-10,0,,0,112,82,37,209,,,,,
2010-01-01,OH,6649,BOS,DCA,1230,1228,-2,20,1248,1407,3,1422,1410,-12,0,,0,112,102,79,399,,,,,
2010-01-01,OH,6650,BNA,JFK,1806,1806,0,4,1810,2107,20,2146,2127,-19,0,,0,160,141,117,766,,,,,
2010-01-01,OH,6652,DCA,BOS,1500,1450,-10,16,1506,1605,11,1646,1616,-30,0,,0,106,86,59,399,,,,,
2010-01-01,OH,6653,CVG,PHL,1655,,,,,,,1846,,,1,A,0,111,,,507,,,,,
2010-01-01,OH,6655,BOS,DCA,1430,1420,-10,32,1452,1613,5,1623,1618,-5,0,,0,113,118,81,399,,,,,
2010-01-01,OH,6656,DCA,BOS,1800,1755,-5,17,1812,1910,13,1955,1923,-32,0,,0,115,88,58,399,,,,,
2010-01-01,OH,6657,BOS,DCA,1730,1725,-5,14,1739,1905,5,1928,1910,-18,0,,0,118,105,86,399,,,,,
2010-01-01,OH,6658,SYR,JFK,1222,1217,-5,9,1226,1319,5,1355,1324,-31,0,,0,93,67,53,209,,,,,
2010-01-01,OH,6660,CVG,LGA,1953,1953,0,29,2022,2149,7,2159,2156,-3,0,,0,126,123,87,585,,,,,
2010-01-01,OH,6663,PIT,CVG,1200,1150,-10,50,1240,1330,4,1321,1334,13,0,,0,81,104,50,256,,,,,
2010-01-01,OH,6664,PWM,JFK,1115,1115,0,49,1204,1302,8,1244,1310,26,0,,0,89,115,58,274,0,0,26,0,0
2010-01-01,OH,6666,JFK,PHL,1345,1340,-5,20,1400,1431,4,1520,1435,-45,0,,0,95,55,31,94,,,,,
2010-01-01,OH,6667,RDU,BOS,1558,1548,-10,12,1600,1719,6,1810,1725,-45,0,,0,132,97,79,612,,,,,
2010-01-01,OH,6671,CVG,ALB,1108,1138,30,14,1152,1311,4,1259,1315,16,0,,0,111,97,79,623,16,0,0,0,0
2010-01-01,OH,6671,RDU,CVG,835,830,-5,16,846,952,5,1024,957,-27,0,,0,109,87,66,390,,,,,
2010-01-01,OH,6672,ALB,ATL,1745,1752,7,13,1805,2020,17,2040,2037,-3,0,,0,175,165,135,852,,,,,
2010-01-01,OH,6672,ATL,ALB,1459,1459,0,27,1526,1710,13,1715,1723,8,0,,0,136,144,104,852,,,,,
2010-01-01,OH,6673,CVG,DTW,800,805,5,22,827,913,17,930,930,0,0,,0,90,85,46,229,,,,,
2010-01-01,OH,6675,CVG,IND,1655,1720,25,8,1728,1751,9,1751,1800,9,0,,0,56,40,23,98,,,,,
2010-01-01,OH,6677,CVG,FLL,1705,1735,30,25,1800,2010,10,1945,2020,35,0,,0,160,165,130,932,30,0,5,0,0
2010-01-01,OH,6677,PHL,CVG,1345,1345,0,25,1410,1539,6,1554,1545,-9,0,,0,129,120,89,507,,,,,
2010-01-01,OH,6678,GSO,CVG,620,610,-10,23,633,740,5,753,745,-8,0,,0,93,95,67,330,,,,,
2010-01-01,OH,6679,JFK,BUF,1520,1520,0,28,1548,1646,5,1718,1651,-27,0,,0,118,91,58,301,,,,,
2010-01-01,OH,6679,ORF,JFK,1309,1405,56,30,1435,1551,10,1435,1601,86,0,,0,86,116,76,289,56,0,30,0,0
2010-01-01,OH,6680,DFW,CVG,1608,1608,0,20,1628,1905,7,1920,1912,-8,0,,0,132,124,97,812,,,,,
2010-01-01,OH,6681,RIC,JFK,1040,1040,0,14,1054,1136,9,1159,1145,-14,0,,0,79,65,42,288,,,,,
2010-01-01,OH,6682,PHL,JFK,1550,1550,0,5,1555,1630,13,1714,1643,-31,0,,0,84,53,35,94,,,,,
2010-01-01,OH,6684,DTW,CVG,845,1120,155,35,1155,1241,4,1013,1245,152,0,,0,88,85,46,229,0,152,0,0,0
2010-01-01,OH,6686,DTW,CVG,1230,1250,20,30,1320,1404,11,1354,1415,21,0,,0,84,85,44,229,20,0,1,0,0
2010-01-01,OH,6687,ALB,JFK,1324,1354,30,16,1410,1520,10,1445,1530,45,0,,0,81,96,70,145,30,0,15,0,0
2010-01-01,OH,6687,JFK,BNA,1530,1605,35,17,1622,1730,5,1741,1735,-6,0,,0,191,150,128,766,,,,,
2010-01-01,OH,6689,JFK,BNA,2035,2035,0,43,2118,2223,8,2245,2231,-14,0,,0,190,176,125,766,,,,,
2010-01-01,OH,6689,ROC,JFK,1740,1735,-5,20,1755,1853,15,1934,1908,-26,0,,0,114,93,58,264,,,,,
2010-01-01,OH,6690,CVG,FWA,1700,2020,200,14,2034,2112,4,1757,2116,199,0,,0,57,56,38,136,199,0,0,0,0
2010-01-01,OH,6691,ATL,GSO,1506,1500,-6,37,1537,1623,6,1633,1629,-4,0,,0,87,89,46,306,,,,,
2010-01-01,OH,6693,IND,JFK,1248,1243,-5,15,1258,1450,14,1500,1504,4,0,,0,132,141,112,664,,,,,
2010-01-01,OH,6698,BUF,JFK,1757,1750,-7,17,1807,1903,25,2000,1928,-32,0,,0,123,98,56,301,,,,,
2010-01-01,OH,6698,JFK,ORF,2045,2045,0,39,2124,2220,7,2238,2227,-11,0,,0,113,102,56,289,,,,,
2010-01-01,OH,6699,CVG,IND,1420,1420,0,9,1429,1453,7,1519,1500,-19,0,,0,59,40,24,98,,,,,
2010-01-01,OH,6702,CLE,JFK,1145,1140,-5,24,1204,1314,6,1336,1320,-16,0,,0,111,100,70,425,,,,,
2010-01-01,OH,6704,JFK,CLT,1315,1322,7,60,1422,1610,15,1538,1625,47,0,,0,143,183,108,541,0,0,40,0,7
2010-01-01,OH,6706,JFK,BGR,1930,1940,10,37,2017,2115,5,2136,2120,-16,0,,0,126,100,58,382,,,,,
2010-01-01,OH,6711,LGA,MCI,1705,1655,-10,18,1713,1910,5,1934,1915,-19,0,,0,209,200,177,1107,,,,,
2010-01-01,OH,6712,MCI,LGA,1855,2000,65,19,2019,2256,9,2234,2305,31,0,,0,159,125,97,1107,0,0,0,0,31
2010-01-01,OH,6713,CVG,BOS,1100,1200,60,22,1222,1403,7,1313,1410,57,0,,0,133,130,101,752,57,0,0,0,0
2010-01-01,OH,6715,CHS,LGA,1315,1315,0,18,1333,1456,9,1526,1505,-21,0,,0,131,110,83,641,,,,,
2010-01-01,OH,6718,BTV,JFK,1635,1630,-5,28,1658,1758,12,1824,1810,-14,0,,0,109,100,60,267,,,,,
2010-01-01,OH,6718,JFK,BWI,2000,2055,55,36,2131,2205,5,2145,2210,25,0,,0,105,75,34,184,25,0,0,0,0
2010-01-01,OH,6719,CVG,DTW,1935,1931,-4,19,1950,2040,10,2100,2050,-10,0,,0,85,79,50,229,,,,,
2010-01-01,OH,6723,ROC,JFK,600,,,,,,,744,,,1,A,0,104,,,264,,,,,
2010-01-01,OH,6726,JFK,CVG,2005,2005,0,40,2045,2222,5,2300,2227,-33,0,,0,175,142,97,589,,,,,
2010-01-01,OH,6728,DCA,JFK,615,605,-10,15,620,705,20,734,725,-9,0,,0,79,80,45,213,,,,,
2010-01-01,OH,6729,JFK,RIC,1428,1510,42,20,1530,1629,9,1624,1638,14,0,,0,116,88,59,288,,,,,
2010-01-01,OH,6731,JFK,DCA,1530,1525,-5,39,1604,1656,6,1720,1702,-18,0,,0,110,97,52,213,,,,,
2010-01-01,OH,6732,DCA,JFK,1200,1200,0,11,1211,1255,5,1328,1300,-28,0,,0,88,60,44,213,,,,,
2010-01-01,OH,6733,JFK,DCA,1730,1727,-3,27,1754,1841,10,1926,1851,-35,0,,0,116,84,47,213,,,,,
2010-01-01,OH,6735,JFK,DCA,2030,2027,-3,40,2107,2158,4,2219,2202,-17,0,,0,109,95,51,213,,,,,
2010-01-01,OH,6736,DCA,JFK,1700,1650,-10,45,1735,1823,16,1830,1839,9,0,,0,90,109,48,213,,,,,
2010-01-01,OH,6736,JFK,BUF,2010,2025,15,46,2111,2203,7,2209,2210,1,0,,0,119,105,52,301,,,,,
2010-01-01,OH,6740,JFK,DFW,1915,1950,35,46,2036,2258,1,2256,2259,3,0,,0,281,249,202,1391,,,,,
2010-01-01,OH,6744,JFK,CLT,1920,1910,-10,40,1950,2100,50,2154,2150,-4,0,,0,154,160,70,541,,,,,
2010-01-01,OH,6746,SYR,JFK,1715,1715,0,21,1736,1826,16,1900,1842,-18,0,,0,105,87,50,209,,,,,
2010-01-01,OH,6749,JFK,PWM,1540,1540,0,37,1617,1705,4,1730,1709,-21,0,,0,110,89,48,274,,,,,
2010-01-01,OH,6749,RDU,JFK,1300,1310,10,22,1332,1438,12,1454,1450,-4,0,,0,114,100,66,426,,,,,
2010-01-01,OH,6750,SRQ,CVG,755,900,65,13,913,1100,6,1017,1106,49,0,,0,142,126,107,812,49,0,0,0,0
2010-01-01,OH,6753,CVG,MSP,657,657,0,26,723,800,15,830,815,-15,0,,0,153,138,97,596,,,,,
2010-01-01,OH,6753,MSP,CVG,900,900,0,18,918,1140,5,1203,1145,-18,0,,0,123,105,82,596,,,,,
2010-01-01,OH,6763,RIC,JFK,1649,1700,11,27,1727,1818,14,1840,1832,-8,0,,0,111,92,51,288,,,,,
2010-01-01,OO,3044,PIT,MKE,1850,1919,29,13,1932,1942,4,1920,1946,26,0,,0,90,87,70,431,26,0,0,0,0
2010-01-01,OO,3047,MKE,PIT,1550,1552,2,10,1602,1812,5,1820,1817,-3,0,,0,90,85,70,431,,,,,
2010-01-01,OO,3049,MKE,PIT,1840,1853,13,8,1901,2105,5,2110,2110,0,0,,0,90,77,64,431,,,,,
2010-01-01,OO,3060,MKE,STL,1505,1507,2,12,1519,1612,15,1625,1627,2,0,,0,80,80,53,317,,,,,
2010-01-01,OO,3061,STL,MKE,1650,1649,-1,34,1723,1819,5,1805,1824,19,0,,0,75,95,56,317,0,0,19,0,0
2010-01-01,OO,3062,MKE,STL,1955,2014,19,10,2024,2115,4,2115,2119,4,0,,0,80,65,51,317,,,,,
2010-01-01,OO,6379,LAX,SBP,830,824,-6,20,844,922,2,928,924,-4,0,,0,58,60,38,155,,,,,
2010-01-01,OO,6380,SFO,BOI,918,912,-6,20,932,1137,3,1153,1140,-13,0,,0,95,88,65,522,,,,,
2010-01-01,OO,6381,SMF,SFO,909,1050,101,5,1055,1117,8,1003,1125,82,0,,0,54,35,22,86,0,0,82,0,0
2010-01-01,OO,6382,SFO,BOI,634,632,-2,21,653,903,4,909,907,-2,0,,0,95,95,70,522,,,,,
2010-01-01,OO,6383,BOI,SFO,1420,1411,-9,11,1422,1456,7,1506,1503,-3,0,,0,106,112,94,522,,,,,
2010-01-01,OO,6385,LAX,SBP,1143,1135,-8,12,1147,1224,1,1239,1225,-14,0,,0,56,50,37,155,,,,,
2010-01-01,OO,6385,SBP,LAX,1308,1301,-7,5,1306,1346,13,1410,1359,-11,0,,0,62,58,40,155,,,,,
2010-01-01,OO,6386,SFO,BOI,1510,1501,-9,13,1514,1722,3,1745,1725,-20,0,,0,95,84,68,522,,,,,
2010-01-01,OO,6387,SFO,PSP,2035,2029,-6,14,2043,2141,5,2154,2146,-8,0,,0,79,77,58,421,,,,,
2010-01-01,OO,6390,SFO,SNA,1044,1050,6,9,1059,1201,4,1212,1205,-7,0,,0,88,75,62,372,,,,,
2010-01-01,OO,6391,TUS,LAX,1754,1816,22,23,1839,1847,6,1830,1853,23,0,,0,96,97,68,451,0,0,1,0,22
2010-01-01,OO,6393,ABQ,SFO,600,558,-2,19,617,729,6,736,735,-1,0,,0,156,157,132,896,,,,,
2010-01-01,OO,6394,FCA,DEN,700,708,8,21,729,911,8,921,919,-2,0,,0,141,131,102,752,,,,,
2010-01-01,OO,6396,SFO,BUR,957,1016,19,12,1028,1118,4,1107,1122,15,0,,0,70,66,50,326,15,0,0,0,0
2010-01-01,OO,6397,LAX,SBP,1441,1455,14,17,1512,1550,2,1537,1552,15,0,,0,56,57,38,155,0,0,1,0,14
2010-01-01,OO,6397,SBP,LAX,1622,1612,-10,6,1618,1654,7,1730,1701,-29,0,,0,68,49,36,155,,,,,
2010-01-01,OO,6398,SFO,BOI,2005,2003,-2,20,2023,2238,4,2238,2242,4,0,,0,93,99,75,522,,,,,
2010-01-01,OO,6400,EUG,SFO,811,803,-8,17,820,941,9,949,950,1,0,,0,98,107,81,451,,,,,
2010-01-01,OO,6401,EUG,SFO,605,615,10,10,625,740,5,742,745,3,0,,0,97,90,75,451,,,,,
2010-01-01,OO,6402,EUG,SFO,1755,2012,137,5,2017,2155,2,1926,2157,151,0,,0,91,105,98,451,0,0,14,0,137
2010-01-01,OO,6402,SFO,EUG,1549,1819,150,5,1824,1935,5,1722,1940,138,0,,0,93,81,71,451,105,0,0,0,33
2010-01-01,OO,6404,EUG,SFO,1036,1105,29,9,1114,1235,7,1214,1242,28,0,,0,98,97,81,451,0,0,28,0,0
2010-01-01,OO,6404,SFO,EUG,835,827,-8,15,842,953,2,1008,955,-13,0,,0,93,88,71,451,,,,,
2010-01-01,OO,6406,EUG,SFO,1255,1247,-8,8,1255,1410,5,1425,1415,-10,0,,0,90,88,75,451,,,,,
2010-01-01,OO,6406,SFO,EUG,1048,1047,-1,11,1058,1209,3,1223,1212,-11,0,,0,95,85,71,451,,,,,
2010-01-01,OO,6407,FAT,SFO,517,520,3,12,532,602,5,606,607,1,0,,0,49,47,30,158,,,,,
2010-01-01,OO,6408,EUG,SFO,1445,1524,39,16,1540,1645,3,1615,1648,33,0,,0,90,84,65,451,0,0,0,0,33
2010-01-01,OO,6408,SFO,EUG,1243,1337,54,18,1355,1508,3,1419,1511,52,0,,0,96,94,73,451,0,0,0,0,52
2010-01-01,OO,6409,LAX,SBP,1900,1856,-4,15,1911,1952,2,1956,1954,-2,0,,0,56,58,41,155,,,,,
2010-01-01,OO,6410,SFO,BUR,1615,1609,-6,15,1624,1715,5,1725,1720,-5,0,,0,70,71,51,326,,,,,
2010-01-01,OO,6411,SBP,LAX,858,850,-8,4,854,934,26,1000,1000,0,0,,0,62,70,40,155,,,,,
2010-01-01,OO,6412,SFO,EUG,2226,2227,1,14,2241,2350,10,2359,2400,1,0,,0,93,93,69,451,,,,,
2010-01-01,OO,6415,SBP,LAX,2030,2022,-8,7,2029,2111,22,2139,2133,-6,0,,0,69,71,42,155,,,,,
2010-01-01,OO,6416,SFO,ABQ,1309,1421,72,23,1444,1735,5,1626,1740,74,0,,0,137,139,111,896,0,0,2,0,72
2010-01-01,OO,6417,LAX,SMX,1035,1025,-10,10,1035,1107,5,1127,1112,-15,0,,0,52,47,32,135,,,,,
2010-01-01,OO,6417,SMX,LAX,1150,1141,-9,10,1151,1230,5,1247,1235,-12,0,,0,57,54,39,135,,,,,
2010-01-01,OO,6418,SFO,SLC,1852,1903,11,11,1914,2133,4,2137,2137,0,0,,0,105,94,79,599,,,,,
2010-01-01,OO,6419,ORD,ASE,1000,958,-2,15,1013,1146,3,1201,1149,-12,0,,0,181,171,153,1013,,,,,
2010-01-01,OO,6420,DEN,MAF,1918,1931,13,18,1949,2206,3,2200,2209,9,0,,0,102,98,77,563,,,,,
2010-01-01,OO,6422,DEN,DFW,1604,1607,3,13,1620,1843,12,1854,1855,1,0,,0,110,108,83,641,,,,,
2010-01-01,OO,6423,ASE,LAX,1543,1543,0,13,1556,1648,7,1702,1655,-7,0,,0,139,132,112,737,,,,,
2010-01-01,OO,6424,DEN,CVG,1918,1921,3,22,1943,2347,6,2358,2353,-5,0,,0,160,152,124,1069,,,,,
2010-01-01,OO,6425,ASE,LAX,1940,1936,-4,13,1949,2044,6,2059,2050,-9,0,,0,139,134,115,737,,,,,
2010-01-01,OO,6426,DEN,DSM,1548,1555,7,11,1606,1820,7,1829,1827,-2,0,,0,101,92,74,590,,,,,
2010-01-01,OO,6430,LAX,SAT,1916,1920,4,8,1928,2352,5,2359,2357,-2,0,,0,163,157,144,1211,,,,,
2010-01-01,OO,6431,LAX,SAT,1501,1459,-2,11,1510,1935,5,1947,1940,-7,0,,0,166,161,145,1211,,,,,
2010-01-01,OO,6431,SAT,LAX,2021,2022,1,9,2031,2122,9,2135,2131,-4,0,,0,194,189,171,1211,,,,,
2010-01-01,OO,6432,OMA,DEN,1912,2117,125,10,2127,2138,7,1952,2145,113,0,,0,100,88,71,472,0,0,0,0,113
2010-01-01,OO,6433,LAX,FAT,2250,2315,25,13,2328,9,5,2348,14,26,0,,0,58,59,41,209,25,0,1,0,0
2010-01-01,OO,6434,LAX,SAT,1041,1122,41,11,1133,1559,5,1527,1604,37,0,,0,166,162,146,1211,37,0,0,0,0
2010-01-01,OO,6435,SAT,LAX,600,555,-5,17,612,721,9,718,730,12,0,,0,198,215,189,1211,,,,,
2010-01-01,OO,6436,LAX,ABQ,2056,2109,13,11,2120,2344,6,2345,2350,5,0,,0,109,101,84,677,,,,,
2010-01-01,OO,6438,ONT,SFO,1358,,,,,,,1519,,,1,A,0,81,,,363,,,,,
2010-01-01,OO,6439,ORD,CWA,2200,2154,-6,10,2204,2248,3,2302,2251,-11,0,,0,62,57,44,213,,,,,
2010-01-01,OO,6440,COS,LAX,1822,1809,-13,15,1824,1936,8,1955,1944,-11,0,,0,153,155,132,833,,,,,
2010-01-01,OO,6440,LAX,COS,1440,1435,-5,12,1447,1733,4,1754,1737,-17,0,,0,134,122,106,833,,,,,
2010-01-01,OO,6441,ORD,LEX,1511,1559,48,15,1614,1802,5,1727,1807,40,0,,0,76,68,48,323,40,0,0,0,0
2010-01-01,OO,6442,LAX,OKC,1255,1250,-5,12,1302,1723,4,1739,1727,-12,0,,0,164,157,141,1187,,,,,
2010-01-01,OO,6443,OKC,LAX,1111,1100,-11,19,1119,1158,8,1221,1206,-15,0,,0,190,186,159,1187,,,,,
2010-01-01,OO,6444,LAX,SMX,1324,1321,-3,13,1334,1404,4,1415,1408,-7,0,,0,51,47,30,135,,,,,
2010-01-01,OO,6444,SMX,LAX,1435,1430,-5,5,1435,1513,6,1532,1519,-13,0,,0,57,49,38,135,,,,,
2010-01-01,OO,6445,LAX,TUS,2130,2122,-8,15,2137,2338,4,2350,2342,-8,0,,0,80,80,61,451,,,,,
2010-01-01,OO,6446,LAX,SMX,1828,1819,-9,19,1838,1913,3,1919,1916,-3,0,,0,51,57,35,135,,,,,
2010-01-01,OO,6446,SMX,LAX,1945,1938,-7,11,1949,2025,9,2042,2034,-8,0,,0,57,56,36,135,,,,,
2010-01-01,OO,6447,HSV,DEN,811,817,6,12,829,1025,6,1025,1031,6,0,,0,194,194,176,1048,,,,,
2010-01-01,OO,6448,TUS,LAX,1210,1204,-6,10,1214,1227,10,1244,1237,-7,0,,0,94,93,73,451,,,,,
2010-01-01,OO,6449,ORD,SLC,1738,1747,9,12,1759,2021,9,2012,2030,18,0,,0,214,223,202,1249,1,0,9,0,8
2010-01-01,OO,6450,LNK,ORD,1426,1423,-3,22,1445,1605,13,1606,1618,12,0,,0,100,115,80,466,,,,,
2010-01-01,OO,6450,ORD,LNK,1211,1212,1,18,1230,1346,4,1348,1350,2,0,,0,97,98,76,466,,,,,
2010-01-01,OO,6451,LAX,SMX,2250,2245,-5,14,2259,2331,3,2341,2334,-7,0,,0,51,49,32,135,,,,,
2010-01-01,OO,6452,LAX,TUS,1145,1142,-3,12,1154,1357,13,1408,1410,2,0,,0,83,88,63,451,,,,,
2010-01-01,OO,6453,LAX,PHX,2133,2129,-4,13,2142,2335,5,2348,2340,-8,0,,0,75,71,53,370,,,,,
2010-01-01,OO,6454,LAX,ASE,1918,1922,4,11,1933,2209,3,2218,2212,-6,0,,0,120,110,96,737,,,,,
2010-01-01,OO,6455,LAX,YUM,820,817,-3,18,835,1025,3,1029,1028,-1,0,,0,69,71,50,237,,,,,
2010-01-01,OO,6455,YUM,LAX,1054,1050,-4,10,1100,1058,10,1113,1108,-5,0,,0,79,78,58,237,,,,,
2010-01-01,OO,6456,DEN,ICT,1648,1649,1,17,1706,1903,4,1901,1907,6,0,,0,73,78,57,420,,,,,
2010-01-01,OO,6457,SMX,LAX,653,652,-1,9,701,736,8,750,744,-6,0,,0,57,52,35,135,,,,,
2010-01-01,OO,6458,LAX,TUS,1800,1902,62,9,1911,2113,5,2024,2118,54,0,,0,84,76,62,451,54,0,0,0,0
2010-01-01,OO,6461,LAX,YUM,2124,2121,-3,14,2135,2327,2,2333,2329,-4,0,,0,69,68,52,237,,,,,
2010-01-01,OO,6461,YUM,IPL,2354,2348,-6,6,2354,2310,2,2341,2312,-29,0,,0,47,24,16,58,,,,,
2010-01-01,OO,6462,LAX,SMF,2235,2232,-3,21,2253,1,4,2359,5,6,0,,0,84,93,68,373,,,,,
2010-01-01,OO,6463,SMF,LAX,619,618,-1,9,627,726,32,754,758,4,0,,0,95,100,59,373,,,,,
2010-01-01,OO,6465,SLC,LAX,600,600,0,12,612,639,7,705,646,-19,0,,0,125,106,87,590,,,,,
2010-01-01,OO,6466,LAX,SLC,732,750,18,16,806,1028,7,1019,1035,16,0,,0,107,105,82,590,16,0,0,0,0
2010-01-01,OO,6467,LAX,SMF,839,930,51,9,939,1038,4,1004,1042,38,0,,0,85,72,59,373,28,0,0,0,10
2010-01-01,OO,6467,SMF,LAX,1039,1109,30,11,1120,1216,9,1205,1225,20,0,,0,86,76,56,373,0,0,0,0,20
2010-01-01,OO,6468,MWH,SEA,1403,1403,0,8,1411,1454,2,1515,1456,-19,0,,0,72,53,43,141,,,,,
2010-01-01,OO,6469,SLC,LAX,2043,2104,21,9,2113,2148,10,2138,2158,20,0,,0,115,114,95,590,2,0,0,0,18
2010-01-01,OO,6470,LAX,SLC,2114,2128,14,16,2144,6,4,2359,10,11,0,,0,105,102,82,590,,,,,
2010-01-01,OO,6471,ABQ,LAX,1654,1805,71,8,1813,1850,5,1758,1855,57,0,,0,124,110,97,677,0,0,0,0,57
2010-01-01,OO,6474,LAX,ABQ,1510,1517,7,9,1526,1752,16,1759,1808,9,0,,0,109,111,86,677,,,,,
2010-01-01,OO,6475,LAX,YUM,1600,1554,-6,14,1608,1759,3,1809,1802,-7,0,,0,69,68,51,237,,,,,
2010-01-01,OO,6475,YUM,LAX,1835,1825,-10,10,1835,1832,5,1854,1837,-17,0,,0,79,72,57,237,,,,,
2010-01-01,OO,6476,CVG,ORD,1848,1921,33,17,1938,1924,6,1913,1930,17,0,,0,85,69,46,264,0,0,0,0,17
2010-01-01,OO,6476,ORD,CVG,1606,1649,43,13,1702,1848,6,1820,1854,34,0,,0,74,65,46,264,34,0,0,0,0
2010-01-01,OO,6477,LAX,SMF,1300,1300,0,12,1312,1413,4,1424,1417,-7,0,,0,84,77,61,373,,,,,
2010-01-01,OO,6477,SMF,LAX,1450,1449,-1,10,1459,1601,14,1616,1615,-1,0,,0,86,86,62,373,,,,,
2010-01-01,OO,6478,BZN,DEN,1335,1540,125,13,1553,1711,9,1515,1720,125,0,,0,100,100,78,525,0,0,0,0,125
2010-01-01,OO,6479,ABQ,LAX,2015,2006,-9,11,2017,2103,8,2125,2111,-14,0,,0,130,125,106,677,,,,,
2010-01-01,OO,6480,YUM,LAX,740,737,-3,21,758,755,11,759,806,7,0,,0,79,89,57,237,,,,,
2010-01-01,OO,6482,DEN,COS,958,1003,5,9,1012,1028,5,1035,1033,-2,0,,0,37,30,16,73,,,,,
2010-01-01,OO,6484,IDA,DEN,658,724,26,29,753,851,6,834,857,23,0,,0,96,93,58,458,0,23,0,0,0
2010-01-01,OO,6485,ORD,SGF,1555,1619,24,11,1630,1741,5,1730,1746,16,0,,0,95,87,71,438,0,0,0,0,16
2010-01-01,OO,6486,LEX,ORD,1801,1831,30,23,1854,1855,11,1831,1906,35,0,,0,90,95,61,323,0,0,5,0,30
2010-01-01,OO,6487,TUS,LAX,1454,1450,-4,16,1506,1518,6,1528,1524,-4,0,,0,94,94,72,451,,,,,
2010-01-01,OO,6488,LMT,PDX,1415,1434,19,13,1447,1545,4,1534,1549,15,0,,0,79,75,58,240,0,0,0,0,15
2010-01-01,OO,6489,LMT,PDX,531,526,-5,8,534,630,3,650,633,-17,0,,0,79,67,56,240,,,,,
2010-01-01,OO,6490,PDX,LMT,730,727,-3,6,733,830,5,840,835,-5,0,,0,70,68,57,240,,,,,
2010-01-01,OO,6491,LAX,SMF,1743,1735,-8,15,1750,1850,3,1907,1853,-14,0,,0,84,78,60,373,,,,,
2010-01-01,OO,6492,DEN,MSO,804,802,-2,12,814,1013,4,1018,1017,-1,0,,0,134,135,119,679,,,,,
2010-01-01,OO,6492,MSO,DEN,1046,1043,-3,11,1054,1224,7,1245,1231,-14,0,,0,119,108,90,679,,,,,
2010-01-01,OO,6493,PDX,LMT,1640,1635,-5,11,1646,1746,7,1750,1753,3,0,,0,70,78,60,240,,,,,
2010-01-01,OO,6494,BIS,ORD,1501,1456,-5,5,1501,1642,8,1718,1650,-28,0,,0,137,114,101,716,,,,,
2010-01-01,OO,6494,ORD,BIS,1157,1211,14,14,1225,1424,3,1425,1427,2,0,,0,148,136,119,716,,,,,
2010-01-01,OO,6495,COS,LAX,600,553,-7,17,610,716,41,742,757,15,0,,0,162,184,126,833,0,0,15,0,0
2010-01-01,OO,6496,LAX,COS,2015,2010,-5,10,2020,2259,4,2329,2303,-26,0,,0,134,113,99,833,,,,,
2010-01-01,OO,6497,DEN,LIT,1055,1100,5,14,1114,1342,4,1356,1346,-10,0,,0,121,106,88,771,,,,,
2010-01-01,OO,6499,LAX,SJC,752,750,-2,12,802,854,5,903,859,-4,0,,0,71,69,52,308,,,,,
2010-01-01,OO,6499,SJC,LAX,937,928,-9,8,936,1024,8,1056,1032,-24,0,,0,79,64,48,308,,,,,
2010-01-01,OO,6500,SJC,LAX,600,552,-8,13,605,654,10,730,704,-26,0,,0,90,72,49,308,,,,,
2010-01-01,OO,6501,DEN,LIT,1335,1332,-3,15,1347,1616,31,1636,1647,11,0,,0,121,135,89,771,,,,,
2010-01-01,OO,6501,LIT,DEN,1737,1724,-13,9,1733,1836,12,1900,1848,-12,0,,0,143,144,123,771,,,,,
2010-01-01,OO,6502,LIT,DEN,1602,1601,-1,8,1609,1714,7,1722,1721,-1,0,,0,140,140,125,771,,,,,
2010-01-01,OO,6503,SFO,EUG,1900,2251,231,21,2312,26,5,2033,31,238,0,,0,93,100,74,451,195,0,7,0,36
2010-01-01,OO,6505,LMT,SFO,913,1032,79,5,1037,1203,3,1055,1206,71,0,,0,102,94,86,315,0,0,71,0,0
2010-01-01,OO,6506,LAX,BOI,1050,1041,-9,13,1054,1326,3,1352,1329,-23,0,,0,122,108,92,674,,,,,
2010-01-01,OO,6507,LMT,SFO,1814,1808,-6,16,1824,1945,13,1956,1958,2,0,,0,102,110,81,315,,,,,
2010-01-01,OO,6508,LAX,BOI,1705,1723,18,24,1747,2024,4,2003,2028,25,0,,0,118,125,97,674,14,0,7,0,4
2010-01-01,OO,6509,TUS,LAX,603,601,-2,9,610,621,10,637,631,-6,0,,0,94,90,71,451,,,,,
2010-01-01,OO,6510,SMF,LAX,1944,1934,-10,9,1943,2039,15,2110,2054,-16,0,,0,86,80,56,373,,,,,
2010-01-01,OO,6512,LAX,COS,810,818,8,24,842,1127,4,1124,1131,7,0,,0,134,133,105,833,,,,,
2010-01-01,OO,6514,COS,LAX,1154,1156,2,15,1211,1315,7,1327,1322,-5,0,,0,153,146,124,833,,,,,
2010-01-01,OO,6515,SFO,LMT,1224,1237,13,23,1300,1410,3,1358,1413,15,0,,0,94,96,70,315,0,0,2,0,13
2010-01-01,OO,6516,SFO,LMT,1730,1728,-2,15,1743,1852,5,1904,1857,-7,0,,0,94,89,69,315,,,,,
2010-01-01,OO,6517,TUS,LAX,716,723,7,8,731,741,7,750,748,-2,0,,0,94,85,70,451,,,,,
2010-01-01,OO,6519,LAX,SJC,1648,1645,-3,11,1656,1748,2,1759,1750,-9,0,,0,71,65,52,308,,,,,
2010-01-01,OO,6519,SJC,LAX,1828,1820,-8,9,1829,1922,9,1947,1931,-16,0,,0,79,71,53,308,,,,,
2010-01-01,OO,6520,MBS,ORD,1551,1652,61,9,1701,1648,8,1606,1656,50,0,,0,75,64,47,222,0,0,0,0,50
2010-01-01,OO,6520,ORD,MBS,1310,1431,81,17,1448,1627,3,1514,1630,76,0,,0,64,59,39,222,76,0,0,0,0
2010-01-01,OO,6521,LAX,SJC,2144,2137,-7,24,2201,2250,4,2255,2254,-1,0,,0,71,77,49,308,,,,,
2010-01-01,OO,6522,LAX,PHX,1312,1308,-4,13,1321,1517,6,1531,1523,-8,0,,0,79,75,56,370,,,,,
2010-01-01,OO,6522,PHX,LAX,1607,1606,-1,8,1614,1618,21,1635,1639,4,0,,0,88,93,64,370,,,,,
2010-01-01,OO,6523,PHX,LAX,630,631,1,16,647,646,6,652,652,0,0,,0,82,81,59,370,,,,,
2010-01-01,OO,6524,MCI,ORD,1422,1509,47,19,1528,1642,5,1603,1647,44,0,,0,101,98,74,403,9,0,0,0,35
2010-01-01,OO,6524,ORD,MCI,1217,1300,43,11,1311,1420,4,1349,1424,35,0,,0,92,84,69,403,25,0,0,0,10
2010-01-01,OO,6526,LAX,PHX,804,759,-5,15,814,1012,5,1021,1017,-4,0,,0,77,78,58,370,,,,,
2010-01-01,OO,6526,PHX,LAX,1131,1128,-3,9,1137,1135,13,1157,1148,-9,0,,0,86,80,58,370,,,,,
2010-01-01,OO,6527,BOI,LAX,1106,1122,16,9,1131,1221,10,1214,1231,17,0,,0,128,129,110,674,14,0,1,0,2
2010-01-01,OO,6528,LAX,PHX,1640,1643,3,10,1653,1853,4,1855,1857,2,0,,0,75,74,60,370,,,,,
2010-01-01,OO,6528,PHX,LAX,1929,1930,1,13,1943,1943,6,1955,1949,-6,0,,0,86,79,60,370,,,,,
2010-01-01,OO,6529,ORD,MSN,1323,1356,33,9,1405,1433,3,1412,1436,24,0,,0,49,40,28,109,24,0,0,0,0
2010-01-01,OO,6530,LAX,FAT,1615,1614,-1,17,1631,1720,2,1719,1722,3,0,,0,64,68,49,209,,,,,
2010-01-01,OO,6531,SBP,SFO,1935,2117,102,11,2128,2227,7,2039,2234,115,0,,0,64,77,59,191,0,0,13,0,102
2010-01-01,OO,6531,SFO,SBP,1720,1958,158,14,2012,2058,1,1824,2059,155,0,,0,64,61,46,191,13,0,0,0,142
2010-01-01,OO,6532,DEN,BUR,1152,1216,24,12,1228,1337,4,1326,1341,15,0,,0,154,145,129,850,15,0,0,0,0
2010-01-01,OO,6534,DEN,IDA,1120,1138,18,15,1153,1309,6,1258,1315,17,0,,0,98,97,76,458,17,0,0,0,0
2010-01-01,OO,6534,IDA,DEN,1324,1354,30,24,1418,1521,6,1457,1527,30,0,,0,93,93,63,458,0,13,0,0,17
2010-01-01,OO,6535,MFR,PDX,555,555,0,12,607,654,2,657,656,-1,0,,0,62,61,47,222,,,,,
2010-01-01,OO,6536,BOI,SFO,822,834,12,9,843,915,5,912,920,8,0,,0,110,106,92,522,,,,,
2010-01-01,OO,6538,DEN,IDA,2104,2103,-1,20,2123,2240,4,2250,2244,-6,0,,0,106,101,77,458,,,,,
2010-01-01,OO,6539,MFR,PDX,1510,1500,-10,7,1507,1557,4,1613,1601,-12,0,,0,63,61,50,222,,,,,
2010-01-01,OO,6541,BIS,DEN,1319,1322,3,7,1329,1340,23,1359,1403,4,0,,0,100,101,71,517,,,,,
2010-01-01,OO,6541,DEN,BIS,1010,1010,0,15,1025,1244,4,1245,1248,3,0,,0,95,98,79,517,,,,,
2010-01-01,OO,6543,DEN,ABQ,1715,1711,-4,17,1728,1819,25,1837,1844,7,0,,0,82,93,51,349,,,,,
2010-01-01,OO,6544,ASE,DEN,1138,1118,-20,17,1135,1209,7,1225,1216,-9,0,,0,47,58,34,125,,,,,
2010-01-01,OO,6544,DEN,ASE,1000,954,-6,10,1004,1031,3,1049,1034,-15,0,,0,49,40,27,125,,,,,
2010-01-01,OO,6546,MFR,PDX,1241,1239,-2,9,1248,1341,4,1344,1345,1,0,,0,63,66,53,222,,,,,
2010-01-01,OO,6546,PDX,MFR,1120,1114,-6,10,1124,1218,4,1224,1222,-2,0,,0,64,68,54,222,,,,,
2010-01-01,OO,6548,MSO,DEN,600,623,23,19,642,806,7,759,813,14,0,,0,119,110,84,679,,,,,
2010-01-01,OO,6549,SFO,SBP,2240,2233,-7,18,2251,2334,4,2344,2338,-6,0,,0,64,65,43,191,,,,,
2010-01-01,OO,6550,TUS,DEN,709,706,-3,12,718,852,7,908,859,-9,0,,0,119,113,94,639,,,,,
2010-01-01,OO,6551,DEN,MSO,1830,1828,-2,13,1841,2036,4,2037,2040,3,0,,0,127,132,115,679,,,,,
2010-01-01,OO,6552,DEN,TYS,1012,1012,0,14,1026,1432,3,1454,1435,-19,0,,0,162,143,126,1162,,,,,
2010-01-01,OO,6553,DTW,ORD,1858,1910,12,12,1922,1906,16,1920,1922,2,0,,0,82,72,44,235,,,,,
2010-01-01,OO,6554,DEN,FAR,1313,1609,176,11,1620,1844,5,1604,1849,165,0,,0,111,100,84,627,48,0,0,0,117
2010-01-01,OO,6554,FAR,DEN,1634,1911,157,9,1920,1952,7,1732,1959,147,0,,0,118,108,92,627,0,0,0,0,147
2010-01-01,OO,6556,DEN,TUL,1010,1018,8,12,1030,1238,16,1239,1254,15,0,,0,89,96,68,541,3,0,7,0,5
2010-01-01,OO,6556,TUL,DEN,1308,1315,7,17,1332,1403,6,1351,1409,18,0,,0,103,114,91,541,0,0,11,0,7
2010-01-01,OO,6557,PDX,MFR,1346,1343,-3,5,1348,1438,4,1450,1442,-8,0,,0,64,59,50,222,,,,,
2010-01-01,OO,6558,SAT,DEN,1812,1849,37,7,1856,1948,8,1928,1956,28,0,,0,136,127,112,794,0,0,0,0,28
2010-01-01,OO,6559,ASE,DEN,1244,1303,19,11,1314,1341,8,1331,1349,18,0,,0,47,46,27,125,13,0,0,0,5
2010-01-01,OO,6559,DEN,ASE,1123,1135,12,13,1148,1215,3,1213,1218,5,0,,0,50,43,27,125,,,,,
2010-01-01,OO,6560,DEN,TUS,1359,1411,12,25,1436,1610,5,1557,1615,18,0,,0,118,124,94,639,2,0,6,0,10
2010-01-01,OO,6560,TUS,DEN,1633,1636,3,7,1643,1814,6,1830,1820,-10,0,,0,117,104,91,639,,,,,
2010-01-01,OO,6561,DEN,GTF,2100,2321,141,9,2330,100,5,2256,105,129,0,,0,116,104,90,624,129,0,0,0,0
2010-01-01,OO,6563,ASE,DEN,1351,1350,-1,12,1402,1432,17,1438,1449,11,0,,0,47,59,30,125,,,,,
2010-01-01,OO,6563,DEN,ASE,1231,1230,-1,8,1238,1306,3,1320,1309,-11,0,,0,49,39,28,125,,,,,
2010-01-01,OO,6564,COS,DEN,632,630,-2,15,645,703,19,718,722,4,0,,0,46,52,18,73,,,,,
2010-01-01,OO,6565,DEN,TUS,1814,1814,0,12,1826,2002,6,2012,2008,-4,0,,0,118,114,96,639,,,,,
2010-01-01,OO,6566,SLC,SFO,800,828,28,11,839,929,9,925,938,13,0,,0,145,130,110,599,,,,,
2010-01-01,OO,6567,ORD,COS,2022,2031,9,25,2056,2218,6,2201,2224,23,0,,0,159,173,142,911,0,0,14,0,9
2010-01-01,OO,6568,MFR,SFO,742,749,7,9,758,858,4,902,902,0,0,,0,80,73,60,329,,,,,
2010-01-01,OO,6569,ASE,DEN,1438,1436,-2,9,1445,1514,12,1526,1526,0,0,,0,48,50,29,125,,,,,
2010-01-01,OO,6570,DEN,HSV,1059,1110,11,14,1124,1420,3,1426,1423,-3,0,,0,147,133,116,1048,,,,,
2010-01-01,OO,6570,HSV,DEN,1457,1458,1,7,1505,1644,11,1656,1655,-1,0,,0,179,177,159,1048,,,,,
2010-01-01,OO,6571,PDX,MFR,1835,1831,-4,5,1836,1930,2,1939,1932,-7,0,,0,64,61,54,222,,,,,
2010-01-01,OO,6572,ASE,DEN,1848,1843,-5,8,1851,1917,10,1935,1927,-8,0,,0,47,44,26,125,,,,,
2010-01-01,OO,6572,DEN,ASE,1728,1728,0,11,1739,1804,4,1817,1808,-9,0,,0,49,40,25,125,,,,,
2010-01-01,OO,6573,DEN,HDN,1145,1143,-2,16,1159,1236,4,1241,1240,-1,0,,0,56,57,37,141,,,,,
2010-01-01,OO,6573,HDN,DEN,1307,1302,-5,16,1318,1345,12,1401,1357,-4,0,,0,54,55,27,141,,,,,
2010-01-01,OO,6574,MFR,SFO,1738,1728,-10,8,1736,1902,8,1915,1910,-5,0,,0,97,102,86,329,,,,,
2010-01-01,OO,6575,MFR,SFO,1020,1053,33,4,1057,1224,6,1202,1230,28,0,,0,102,97,87,329,0,0,28,0,0
2010-01-01,OO,6575,SFO,MFR,734,725,-9,9,734,838,2,920,840,-40,0,,0,106,75,64,329,,,,,
2010-01-01,OO,6577,DEN,COS,1940,,,,,,,2017,,,1,A,0,37,,,73,,,,,
2010-01-01,OO,6579,ASE,DEN,1526,1534,8,7,1541,1610,6,1613,1616,3,0,,0,47,42,29,125,,,,,
2010-01-01,OO,6579,DEN,ASE,1405,1417,12,12,1429,1458,3,1454,1501,7,0,,0,49,44,29,125,,,,,
2010-01-01,OO,6580,MFR,SFO,1309,1322,13,7,1329,1442,4,1424,1446,22,0,,0,75,84,73,329,0,0,9,0,13
2010-01-01,OO,6580,SFO,MFR,1123,1145,22,18,1203,1253,4,1243,1257,14,0,,0,80,72,50,329,,,,,
2010-01-01,OO,6581,DEN,COS,2034,2129,55,10,2139,2154,6,2111,2200,49,0,,0,37,31,15,73,0,0,0,0,49
2010-01-01,OO,6582,BUR,SFO,1357,1426,29,13,1439,1531,25,1515,1556,41,0,,0,78,90,52,326,14,0,12,0,15
2010-01-01,OO,6583,RDM,SFO,545,548,3,25,613,732,5,727,737,10,0,,0,102,109,79,462,,,,,
2010-01-01,OO,6584,DEN,IAH,835,834,-1,15,849,1137,12,1159,1149,-10,0,,0,144,135,108,862,,,,,
2010-01-01,OO,6585,ORD,CWA,1310,1305,-5,10,1315,1354,4,1412,1358,-14,0,,0,62,53,39,213,,,,,
2010-01-01,OO,6586,PSP,DEN,615,614,-1,7,621,914,8,923,922,-1,0,,0,128,128,113,776,,,,,
2010-01-01,OO,6588,RNO,SFO,1240,1238,-2,11,1249,1338,6,1353,1344,-9,0,,0,73,66,49,192,,,,,
2010-01-01,OO,6588,SFO,RNO,1102,1101,-1,16,1117,1152,5,1201,1157,-4,0,,0,59,56,35,192,,,,,
2010-01-01,OO,6590,DEN,MEM,1102,1107,5,15,1122,1404,14,1421,1418,-3,0,,0,139,131,102,872,,,,,
2010-01-01,OO,6590,MEM,DEN,1448,1453,5,18,1511,1632,6,1629,1638,9,0,,0,161,165,141,872,,,,,
2010-01-01,OO,6591,SGF,DEN,1324,1317,-7,9,1326,1414,6,1430,1420,-10,0,,0,126,123,108,637,,,,,
2010-01-01,OO,6592,ORD,AVL,1900,1901,1,12,1913,2118,4,2141,2122,-19,0,,0,101,81,65,536,,,,,
2010-01-01,OO,6593,BIL,DEN,1021,1013,-8,11,1024,1123,7,1148,1130,-18,0,,0,87,77,59,455,,,,,
2010-01-01,OO,6593,DEN,BIL,818,810,-8,19,829,946,5,949,951,2,0,,0,91,101,77,455,,,,,
2010-01-01,OO,6594,CWA,ORD,1440,1438,-2,9,1447,1539,14,1549,1553,4,0,,0,69,75,52,213,,,,,
2010-01-01,OO,6595,SLC,DEN,904,908,4,14,922,1021,35,1045,1056,11,0,,0,101,108,59,390,,,,,
2010-01-01,OO,6596,SFO,MFR,1459,1459,0,16,1515,1632,4,1640,1636,-4,0,,0,101,97,77,329,,,,,
2010-01-01,OO,6597,RNO,SFO,2046,2035,-11,8,2043,2159,5,2150,2204,14,0,,0,64,89,76,192,,,,,
2010-01-01,OO,6597,SFO,RNO,1900,1859,-1,20,1919,1951,6,1959,1957,-2,0,,0,59,58,32,192,,,,,
2010-01-01,OO,6598,SFO,SMF,721,720,-1,13,733,756,4,806,800,-6,0,,0,45,40,23,86,,,,,
2010-01-01,OO,6599,SDF,DEN,1620,1618,-2,12,1630,1717,11,1714,1728,14,0,,0,174,190,167,1024,,,,,
2010-01-01,OO,6600,GTF,DEN,700,654,-6,14,708,827,9,853,836,-17,0,,0,113,102,79,624,,,,,
2010-01-01,OO,6603,SGF,DEN,1759,1805,6,14,1819,1902,7,1905,1909,4,0,,0,126,124,103,637,,,,,
2010-01-01,OO,6604,DEN,SDF,1043,1240,117,10,1250,1646,5,1518,1651,93,0,,0,155,131,116,1024,0,0,0,0,93
2010-01-01,OO,6606,DEN,MLI,1014,1014,0,23,1037,1310,3,1316,1313,-3,0,,0,122,119,93,752,,,,,
2010-01-01,OO,6607,MEM,DEN,805,804,-1,17,821,942,28,955,1010,15,0,,0,170,186,141,872,0,0,15,0,0
2010-01-01,OO,6609,ASE,DEN,1751,1741,-10,5,1746,1811,11,1838,1822,-16,0,,0,47,41,25,125,,,,,
2010-01-01,OO,6609,DEN,ASE,1623,1623,0,12,1635,1701,3,1712,1704,-8,0,,0,49,41,26,125,,,,,
2010-01-01,OO,6610,SFO,PDX,1421,1427,6,23,1450,1619,6,1605,1625,20,0,,0,104,118,89,550,6,0,14,0,0
2010-01-01,OO,6611,DEN,BOI,830,830,0,16,846,1037,2,1037,1039,2,0,,0,127,129,111,649,,,,,
2010-01-01,OO,6612,SLC,DEN,609,625,16,9,634,731,8,738,739,1,0,,0,89,74,57,390,,,,,
2010-01-01,OO,6614,DEN,PSC,1203,1202,-1,10,1212,1328,4,1340,1332,-8,0,,0,157,150,136,852,,,,,
2010-01-01,OO,6614,PSC,DEN,1421,1411,-10,10,1421,1708,5,1734,1713,-21,0,,0,133,122,107,852,,,,,
2010-01-01,OO,6615,DEN,GTF,1115,1421,186,33,1454,1629,3,1311,1632,201,0,,0,116,131,95,624,186,0,15,0,0
2010-01-01,OO,6615,GTF,DEN,1337,1659,202,6,1705,1828,9,1530,1837,187,0,,0,113,98,83,624,0,0,0,0,187
2010-01-01,OO,6616,RNO,SFO,1716,1710,-6,25,1735,1826,4,1820,1830,10,0,,0,64,80,51,192,,,,,
2010-01-01,OO,6616,SFO,RNO,1549,1547,-2,11,1558,1632,4,1648,1636,-12,0,,0,59,49,34,192,,,,,
2010-01-01,OO,6617,DEN,HDN,1449,1443,-6,10,1453,1529,4,1544,1533,-11,0,,0,55,50,36,141,,,,,
2010-01-01,OO,6617,HDN,DEN,1623,1615,-8,11,1626,1655,7,1717,1702,-15,0,,0,54,47,29,141,,,,,
2010-01-01,OO,6618,DEN,FSD,1010,1005,-5,18,1023,1234,6,1239,1240,1,0,,0,89,95,71,483,,,,,
2010-01-01,OO,6619,BHM,DEN,1444,1452,8,15,1507,1653,7,1654,1700,6,0,,0,190,188,166,1083,,,,,
2010-01-01,OO,6620,DEN,ASE,1539,1536,-3,12,1548,1613,4,1628,1617,-11,0,,0,49,41,25,125,,,,,
2010-01-01,OO,6621,DEN,MLI,1539,1617,38,11,1628,1859,4,1835,1903,28,0,,0,116,106,91,752,0,0,0,0,28
2010-01-01,OO,6622,BZN,DEN,600,608,8,22,630,745,7,744,752,8,0,,0,104,104,75,525,,,,,
2010-01-01,OO,6623,SFO,MFR,2010,2040,30,12,2052,2144,6,2127,2150,23,0,,0,77,70,52,329,23,0,0,0,0
2010-01-01,OO,6625,BZN,DEN,1028,,,,,,,1205,,,1,A,0,97,,,525,,,,,
2010-01-01,OO,6625,DEN,BZN,812,812,0,13,825,959,5,1002,1004,2,0,,0,110,112,94,525,,,,,
2010-01-01,OO,6626,SLC,DEN,1031,1228,117,13,1241,1336,16,1155,1352,117,0,,0,84,84,55,390,117,0,0,0,0
2010-01-01,OO,6628,DEN,BHM,1035,1107,32,14,1121,1418,3,1402,1421,19,0,,0,147,134,117,1083,19,0,0,0,0
2010-01-01,OO,6629,DEN,SBA,1835,1944,69,15,1959,2113,5,2015,2118,63,0,,0,160,154,134,916,63,0,0,0,0
2010-01-01,OO,6630,DEN,CLE,1010,1132,82,10,1142,1602,8,1501,1610,69,0,,0,171,158,140,1201,41,0,0,0,28
2010-01-01,OO,6631,ORD,MKE,1017,1012,-5,14,1026,1044,7,1103,1051,-12,0,,0,46,39,18,67,,,,,
2010-01-01,OO,6632,DEN,SGF,1011,1005,-6,20,1025,1241,5,1252,1246,-6,0,,0,101,101,76,637,,,,,
2010-01-01,OO,6633,DEN,TUS,2102,2057,-5,25,2122,2249,4,2256,2253,-3,0,,0,114,116,87,639,,,,,
2010-01-01,OO,6634,DEN,SGF,2005,2027,22,15,2042,2258,7,2246,2305,19,0,,0,101,98,76,637,0,0,0,0,19
2010-01-01,OO,6635,BIS,DEN,630,618,-12,20,638,652,8,719,700,-19,0,,0,109,102,74,517,,,,,
2010-01-01,OO,6636,DEN,CLE,1735,1728,-7,20,1748,2210,8,2226,2218,-8,0,,0,171,170,142,1201,,,,,
2010-01-01,OO,6637,DEN,BZN,2057,2100,3,17,2117,2241,7,2246,2248,2,0,,0,109,108,84,525,,,,,
2010-01-01,OO,6638,RKS,DEN,750,743,-7,12,755,843,9,917,852,-25,0,,0,87,69,48,260,,,,,
2010-01-01,OO,6639,BZN,DEN,1650,1641,-9,8,1649,1808,8,1838,1816,-22,0,,0,108,95,79,525,,,,,
2010-01-01,OO,6639,DEN,BZN,1428,1434,6,12,1446,1605,4,1618,1609,-9,0,,0,110,95,79,525,,,,,
2010-01-01,OO,6640,MKE,ORD,1359,1424,25,13,1437,1506,15,1448,1521,33,0,,0,49,57,29,67,10,0,8,0,15
2010-01-01,OO,6641,DEN,BZN,1840,1935,55,22,1957,2112,4,2029,2116,47,0,,0,109,101,75,525,11,0,0,0,36
2010-01-01,OO,6644,TUS,DEN,528,522,-6,11,533,705,12,724,717,-7,0,,0,116,115,92,639,,,,,
2010-01-01,OO,6645,MOD,SFO,858,902,4,7,909,935,5,939,940,1,0,,0,41,38,26,78,,,,,
2010-01-01,OO,6646,BZN,DEN,658,707,9,19,726,839,8,842,847,5,0,,0,104,100,73,525,,,,,
2010-01-01,OO,6649,DEN,RKS,1120,1114,-6,18,1132,1237,3,1238,1240,2,0,,0,78,86,65,260,,,,,
2010-01-01,OO,6649,RKS,DEN,1318,1257,-21,15,1312,1400,11,1430,1411,-19,0,,0,72,74,48,260,,,,,
2010-01-01,OO,6650,SFO,MOD,2125,2303,98,12,2315,2334,2,2205,2336,91,0,,0,40,33,19,78,0,0,0,0,91
2010-01-01,OO,6651,LAX,RNO,835,850,15,12,902,1005,4,1002,1009,7,0,,0,87,79,63,390,,,,,
2010-01-01,OO,6651,RNO,LAX,1040,1037,-3,11,1048,1149,10,1213,1159,-14,0,,0,93,82,61,390,,,,,
2010-01-01,OO,6652,MOD,SFO,1135,1234,59,10,1244,1306,6,1215,1312,57,0,,0,40,38,22,78,0,0,0,0,57
2010-01-01,OO,6652,SFO,MOD,1034,1148,74,13,1201,1218,1,1116,1219,63,0,,0,42,31,17,78,0,0,0,0,63
2010-01-01,OO,6653,MOD,SFO,1511,1558,47,5,1603,1624,7,1547,1631,44,0,,0,36,33,21,78,8,0,0,0,36
2010-01-01,OO,6653,SFO,MOD,1409,1453,44,12,1505,1524,3,1451,1527,36,0,,0,42,34,19,78,0,0,0,0,36
2010-01-01,OO,6654,MRY,SFO,933,923,-10,4,927,957,15,1010,1012,2,0,,0,37,49,30,77,,,,,
2010-01-01,OO,6655,DEN,CID,1050,1048,-2,15,1103,1330,5,1342,1335,-7,0,,0,112,107,87,693,,,,,
2010-01-01,OO,6656,DEN,BNA,1018,1018,0,11,1029,1325,9,1352,1334,-18,0,,0,154,136,116,1013,,,,,
2010-01-01,OO,6659,DEN,COS,2115,2110,-5,13,2123,2139,6,2152,2145,-7,0,,0,37,35,16,73,,,,,
2010-01-01,OO,6660,SPI,ORD,1817,1824,7,14,1838,1917,8,1920,1925,5,0,,0,63,61,39,174,,,,,
2010-01-01,OO,6661,MOD,SFO,1746,1806,20,5,1811,1834,3,1822,1837,15,0,,0,36,31,23,78,0,0,0,0,15
2010-01-01,OO,6661,SFO,MOD,1622,1654,32,12,1706,1725,4,1706,1729,23,0,,0,44,35,19,78,0,0,0,0,23
2010-01-01,OO,6663,DEN,EUG,1153,1156,3,14,1210,1348,4,1346,1352,6,0,,0,173,176,158,997,,,,,
2010-01-01,OO,6665,DEN,EUG,1808,1812,4,14,1826,2003,3,2001,2006,5,0,,0,173,174,157,997,,,,,
2010-01-01,OO,6667,SFO,MCI,1550,1637,47,15,1652,2139,5,2114,2144,30,0,,0,204,187,167,1499,0,0,0,0,30
2010-01-01,OO,6668,DEN,FAR,1010,1053,43,14,1107,1338,4,1301,1342,41,0,,0,111,109,91,627,41,0,0,0,0
2010-01-01,OO,6669,ORD,BZN,945,1105,80,14,1119,1320,6,1206,1326,80,0,,0,201,201,181,1186,21,0,0,0,59
2010-01-01,OO,6671,ORD,LIT,1320,1323,3,18,1341,1500,3,1509,1503,-6,0,,0,109,100,79,552,,,,,
2010-01-01,OO,6673,SFO,MRY,821,815,-6,19,834,853,3,914,856,-18,0,,0,53,41,19,77,,,,,
2010-01-01,OO,6674,FAT,DEN,600,618,18,8,626,916,7,915,923,8,0,,0,135,125,110,844,,,,,
2010-01-01,OO,6675,DEN,FAT,1233,1329,56,10,1339,1442,4,1400,1446,46,0,,0,147,137,123,844,46,0,0,0,0
2010-01-01,OO,6676,FAT,DEN,740,737,-3,10,747,1037,23,1058,1100,2,0,,0,138,143,110,844,,,,,
2010-01-01,OO,6677,DEN,FAT,1835,1905,30,16,1921,2026,5,2004,2031,27,0,,0,149,146,125,844,0,0,0,0,27
2010-01-01,OO,6678,MRY,SFO,1435,1434,-1,10,1444,1507,4,1517,1511,-6,0,,0,42,37,23,77,,,,,
2010-01-01,OO,6678,SFO,MRY,1323,1324,1,20,1344,1405,4,1402,1409,7,0,,0,39,45,21,77,,,,,
2010-01-01,OO,6679,MRY,SFO,2040,2035,-5,54,2129,2203,2,2116,2205,49,0,,0,36,90,34,77,0,0,49,0,0
2010-01-01,OO,6679,SFO,MRY,1920,1923,3,13,1936,2000,2,1959,2002,3,0,,0,39,39,24,77,,,,,
2010-01-01,OO,6680,DEN,ASE,2105,2059,-6,15,2114,2147,3,2151,2150,-1,0,,0,46,51,33,125,,,,,
2010-01-01,OO,6681,XNA,DEN,1012,1005,-7,14,1019,1106,14,1117,1120,3,0,,0,125,135,107,616,,,,,
2010-01-01,OO,6682,SBA,DEN,600,554,-6,12,606,906,8,927,914,-13,0,,0,147,140,120,916,,,,,
2010-01-01,OO,6683,DEN,SLC,1820,1839,19,20,1859,2005,6,1954,2011,17,0,,0,94,92,66,390,3,0,0,0,14
2010-01-01,OO,6685,XNA,DEN,1905,2209,184,6,2215,2251,6,2005,2257,172,0,,0,120,108,96,616,0,0,0,0,172
2010-01-01,OO,6686,DEN,BIS,2058,2055,-3,11,2106,2317,4,2336,2321,-15,0,,0,98,86,71,517,,,,,
2010-01-01,OO,6687,SFO,MRY,1112,1121,9,15,1136,1156,2,1158,1158,0,0,,0,46,37,20,77,,,,,
2010-01-01,OO,6688,COS,DEN,746,748,2,15,803,823,9,830,832,2,0,,0,44,44,20,73,,,,,
2010-01-01,OO,6690,ORD,SBN,1300,1256,-4,17,1313,1441,4,1446,1445,-1,0,,0,46,49,28,84,,,,,
2010-01-01,OO,6690,SBN,ORD,1531,1527,-4,36,1603,1525,6,1520,1531,11,0,,0,49,64,22,84,,,,,
2010-01-01,OO,6691,COS,DEN,1006,1227,141,13,1240,1303,8,1050,1311,141,0,,0,44,44,23,73,141,0,0,0,0
2010-01-01,OO,6695,DEN,ELP,1013,1049,36,10,1059,1216,5,1202,1221,19,0,,0,109,92,77,563,0,0,0,0,19
2010-01-01,OO,6695,ELP,DEN,1228,1305,37,14,1319,1448,9,1418,1457,39,0,,0,110,112,89,563,18,0,2,0,19
2010-01-01,OO,6699,DEN,ELP,1603,1558,-5,11,1609,1732,3,1747,1735,-12,0,,0,104,97,83,563,,,,,
2010-01-01,OO,6699,ELP,DEN,1822,1811,-11,11,1822,1947,7,2010,1954,-16,0,,0,108,103,85,563,,,,,
2010-01-01,OO,6701,FAR,DEN,623,618,-5,20,638,708,9,730,717,-13,0,,0,127,119,90,627,,,,,
2010-01-01,OO,6702,DEN,FAR,2105,2058,-7,22,2120,2343,4,2356,2347,-9,0,,0,111,109,83,627,,,,,
2010-01-01,OO,6704,DEN,LNK,2013,2026,13,20,2046,2241,3,2232,2244,12,0,,0,79,78,55,423,,,,,
2010-01-01,OO,6706,OKC,ORD,1810,1808,-2,10,1818,1954,15,2018,2009,-9,0,,0,128,121,96,693,,,,,
2010-01-01,OO,6707,DEN,ASE,1850,1850,0,17,1907,1934,3,1939,1937,-2,0,,0,49,47,27,125,,,,,
2010-01-01,OO,6708,ORD,PIA,2102,2217,75,11,2228,2257,4,2154,2301,67,0,,0,52,44,29,130,0,0,0,0,67
2010-01-01,OO,6709,DEN,MRY,1808,2031,143,14,2045,2208,4,1954,2212,138,0,,0,166,161,143,960,0,0,0,0,138
2010-01-01,OO,6710,LAX,ASE,711,709,-2,17,726,1007,5,1011,1012,1,0,,0,120,123,101,737,,,,,
2010-01-01,OO,6712,ORD,SDF,2110,2114,4,9,2123,2306,5,2323,2311,-12,0,,0,73,57,43,286,,,,,
2010-01-01,OO,6714,DEN,MEM,1940,1951,11,15,2006,2244,7,2259,2251,-8,0,,0,139,120,98,872,,,,,
2010-01-01,OO,6715,DEN,MSO,2100,2122,22,15,2137,2320,6,2321,2326,5,0,,0,141,124,103,679,,,,,
2010-01-01,OO,6716,ASE,DEN,700,656,-4,8,704,733,8,757,741,-16,0,,0,57,45,29,125,,,,,
2010-01-01,OO,6717,DEN,PSP,1835,1829,-6,16,1845,1937,5,1947,1942,-5,0,,0,132,133,112,776,,,,,
2010-01-01,OO,6718,DEN,XNA,1010,1041,31,13,1054,1305,3,1251,1308,17,0,,0,101,87,71,616,17,0,0,0,0
2010-01-01,OO,6719,DEN,MSO,1343,1344,1,15,1359,1549,5,1550,1554,4,0,,0,127,130,110,679,,,,,
2010-01-01,OO,6719,MSO,DEN,1626,1623,-3,11,1634,1810,5,1830,1815,-15,0,,0,124,112,96,679,,,,,
2010-01-01,OO,6720,LIT,ORD,722,718,-4,33,751,922,5,908,927,19,0,,0,106,129,91,552,0,0,19,0,0
2010-01-01,OO,6722,PSC,DEN,600,617,17,29,646,932,12,920,944,24,0,,0,140,147,106,852,0,0,24,0,0
2010-01-01,OO,6724,DEN,MKE,1010,1024,14,26,1050,1342,5,1332,1347,15,0,,0,142,143,112,896,14,0,1,0,0
2010-01-01,OO,6725,DEN,PSC,2054,2052,-2,10,2102,2211,5,2228,2216,-12,0,,0,154,144,129,852,,,,,
2010-01-01,OO,6727,ABQ,DEN,1832,1840,8,7,1847,1941,11,1950,1952,2,0,,0,78,72,54,349,,,,,
2010-01-01,OO,6728,DEN,MKE,1935,1933,-2,24,1957,2248,7,2257,2255,-2,0,,0,142,142,111,896,,,,,
2010-01-01,OO,6729,DEN,XNA,1558,1906,188,20,1926,2139,5,1839,2144,185,0,,0,101,98,73,616,0,0,0,0,185
2010-01-01,OO,6731,MKE,DEN,835,829,-6,13,842,1001,16,1035,1017,-18,0,,0,180,168,139,896,,,,,
2010-01-01,OO,6732,MRY,DEN,602,554,-8,11,605,911,7,932,918,-14,0,,0,150,144,126,960,,,,,
2010-01-01,OO,6733,TYS,DEN,905,905,0,13,918,1023,6,1035,1029,-6,0,,0,210,204,185,1162,,,,,
2010-01-01,OO,6734,MSO,DEN,724,728,4,29,757,927,7,923,934,11,0,,0,119,126,90,679,,,,,
2010-01-01,OO,6735,DEN,MSO,1034,1044,10,11,1055,1242,5,1248,1247,-1,0,,0,134,123,107,679,,,,,
2010-01-01,OO,6735,MSO,DEN,1314,1309,-5,14,1323,1455,8,1506,1503,-3,0,,0,112,114,92,679,,,,,
2010-01-01,OO,6736,DEN,RAP,818,812,-6,13,825,913,3,926,916,-10,0,,0,68,64,48,300,,,,,
2010-01-01,OO,6736,RAP,DEN,953,949,-4,4,953,1042,22,1108,1104,-4,0,,0,75,75,49,300,,,,,
2010-01-01,OO,6737,DEN,FAT,2104,2106,2,15,2121,2227,5,2238,2232,-6,0,,0,154,146,126,844,,,,,
2010-01-01,OO,6739,DEN,ELP,2100,2100,0,18,2118,2233,5,2243,2238,-5,0,,0,103,98,75,563,,,,,
2010-01-01,OO,6741,DEN,PSP,2057,2053,-4,13,2106,2202,6,2209,2208,-1,0,,0,132,135,116,776,,,,,
2010-01-01,OO,6742,ASE,DEN,805,803,-2,19,822,855,7,902,902,0,0,,0,57,59,33,125,,,,,
2010-01-01,OO,6743,FSD,DEN,1226,1216,-10,9,1225,1241,8,1305,1249,-16,0,,0,99,93,76,483,,,,,
2010-01-01,OO,6745,ORD,LIT,2028,2024,-4,13,2037,2154,5,2219,2159,-20,0,,0,111,95,77,552,,,,,
2010-01-01,OO,6748,BOI,DEN,1312,1312,0,8,1320,1440,17,1456,1457,1,0,,0,104,105,80,649,,,,,
2010-01-01,OO,6750,ASE,DEN,900,911,11,9,920,946,36,954,1022,28,0,,0,54,71,26,125,11,0,17,0,0
2010-01-01,OO,6753,CLE,DEN,800,801,1,24,825,918,9,931,927,-4,0,,0,211,206,173,1201,,,,,
2010-01-01,OO,6754,DEN,ASE,2015,2008,-7,12,2020,2046,4,2103,2050,-13,0,,0,48,42,26,125,,,,,
2010-01-01,OO,6756,LIT,ORD,1430,1425,-5,10,1435,1613,6,1615,1619,4,0,,0,105,114,98,552,,,,,
2010-01-01,OO,6760,ORD,SDF,1025,1039,14,13,1052,1239,4,1242,1243,1,0,,0,77,64,47,286,,,,,
2010-01-01,OO,6760,SDF,ORD,1311,1306,-5,11,1317,1313,9,1341,1322,-19,0,,0,90,76,56,286,,,,,
2010-01-01,OO,6761,ORD,LNK,2005,24,259,31,55,208,4,2146,212,266,0,,0,101,108,73,466,259,0,7,0,0
2010-01-01,OO,6762,DEN,SBA,1223,1325,62,11,1336,1445,5,1405,1450,45,0,,0,162,145,129,916,45,0,0,0,0
2010-01-01,OO,6762,SBA,DEN,1431,1516,45,8,1524,1817,20,1755,1837,42,0,,0,144,141,113,916,0,0,0,0,42
2010-01-01,OO,6764,LNK,DEN,650,647,-3,21,708,719,7,725,726,1,0,,0,95,99,71,423,,,,,
2010-01-01,OO,6765,DEN,BZN,1118,1340,142,12,1352,1513,3,1309,1516,127,0,,0,111,96,81,525,0,0,0,0,127
2010-01-01,OO,6766,MCI,SFO,858,917,19,11,928,1116,9,1052,1125,33,0,,0,234,248,228,1499,0,0,33,0,0
2010-01-01,OO,6767,ORD,SAT,1718,1731,13,16,1747,2011,8,2011,2019,8,0,,0,173,168,144,1041,,,,,
2010-01-01,OO,6769,SFO,RNO,2245,2242,-3,13,2255,2326,13,2344,2339,-5,0,,0,59,57,31,192,,,,,
2010-01-01,OO,6810,OTH,PDX,1935,1924,-11,11,1935,2019,4,2035,2023,-12,0,,0,60,59,44,170,,,,,
2010-01-01,OO,6810,PDX,SEA,2100,2053,-7,7,2100,2139,4,2153,2143,-10,0,,0,53,50,39,129,,,,,
2010-01-01,OO,6811,LAX,RNO,1619,1615,-4,13,1628,1728,5,1746,1733,-13,0,,0,87,78,60,390,,,,,
2010-01-01,OO,6812,RNO,LAX,1812,1808,-4,11,1819,1917,9,1945,1926,-19,0,,0,93,78,58,390,,,,,
2010-01-01,OO,6814,SEA,PDX,1108,1106,-2,7,1113,1150,3,1159,1153,-6,0,,0,51,47,37,129,,,,,
2010-01-01,OO,6815,SEA,PDX,900,1027,87,10,1037,1114,2,951,1116,85,0,,0,51,49,37,129,85,0,0,0,0
2010-01-01,OO,6816,SFO,ASE,1545,1547,2,16,1603,1841,4,1901,1845,-16,0,,0,136,118,98,848,,,,,
2010-01-01,OO,6817,SEA,PDX,1715,1708,-7,6,1714,1749,2,1806,1751,-15,0,,0,51,43,35,129,,,,,
2010-01-01,OO,6818,SEA,PDX,1830,1826,-4,6,1832,1908,4,1919,1912,-7,0,,0,49,46,36,129,,,,,
2010-01-01,OO,6819,ORD,ASE,1729,1727,-2,19,1746,1925,3,1929,1928,-1,0,,0,180,181,159,1013,,,,,
2010-01-01,OO,6820,RDD,SFO,600,553,-7,22,615,711,5,714,716,2,0,,0,74,83,56,199,,,,,
2010-01-01,OO,6821,RDD,SFO,958,956,-2,3,959,1049,6,1112,1055,-17,0,,0,74,59,50,199,,,,,
2010-01-01,OO,6821,SFO,RDD,815,807,-8,14,821,905,4,922,909,-13,0,,0,67,62,44,199,,,,,
2010-01-01,OO,6822,RDD,SFO,1311,1403,52,7,1410,1502,6,1425,1508,43,0,,0,74,65,52,199,0,0,0,0,43
2010-01-01,OO,6822,SFO,RDD,1136,1230,54,20,1250,1338,4,1242,1342,60,0,,0,66,72,48,199,0,0,6,0,54
2010-01-01,OO,6824,RDD,SFO,2005,1956,-9,8,2004,2057,5,2114,2102,-12,0,,0,69,66,53,199,,,,,
2010-01-01,OO,6824,SFO,RDD,1710,1705,-5,13,1718,1802,5,1816,1807,-9,0,,0,66,62,44,199,,,,,
2010-01-01,OO,6825,SFO,RDD,2015,2007,-8,17,2024,2109,4,2121,2113,-8,0,,0,66,66,45,199,,,,,
2010-01-01,OO,6826,SFO,ONT,755,756,1,23,819,912,2,910,914,4,0,,0,75,78,53,363,,,,,
2010-01-01,OO,6829,SFO,RDM,922,915,-7,25,940,1042,3,1054,1045,-9,0,,0,92,90,62,462,,,,,
2010-01-01,OO,6830,BOI,LAX,2032,2048,16,10,2058,2132,11,2140,2143,3,0,,0,128,115,94,674,,,,,
2010-01-01,OO,6831,RDM,SFO,1734,1726,-8,12,1738,1853,26,1915,1919,4,0,,0,101,113,75,462,,,,,
2010-01-01,OO,6832,SBA,SFO,600,552,-8,13,605,704,7,727,711,-16,0,,0,87,79,59,262,,,,,
2010-01-01,OO,6836,ASE,ORD,820,835,15,21,856,1206,9,1207,1215,8,0,,0,167,160,130,1013,,,,,
2010-01-01,OO,6838,SBA,SFO,1748,1815,27,5,1820,1923,8,1915,1931,16,0,,0,87,76,63,262,0,0,0,0,16
2010-01-01,OO,6838,SFO,SBA,1553,1647,54,14,1701,1758,1,1712,1759,47,0,,0,79,72,57,262,47,0,0,0,0
2010-01-01,OO,6839,ASE,SFO,1659,1647,-12,9,1656,1814,4,1819,1818,-1,0,,0,140,151,138,848,,,,,
2010-01-01,OO,6840,SBA,SFO,946,1036,50,9,1045,1141,5,1055,1146,51,0,,0,69,70,56,262,0,0,51,0,0
2010-01-01,OO,6840,SFO,SBA,802,757,-5,11,808,854,4,907,858,-9,0,,0,65,61,46,262,,,,,
2010-01-01,OO,6841,SBA,SFO,1223,1321,58,7,1328,1433,3,1350,1436,46,0,,0,87,75,65,262,2,0,0,0,44
2010-01-01,OO,6843,SBA,SFO,2005,2006,1,4,2010,2130,4,2126,2134,8,0,,0,81,88,80,262,,,,,
2010-01-01,OO,6845,SBA,SFO,1559,1556,-3,4,1600,1658,3,1720,1701,-19,0,,0,81,65,58,262,,,,,
2010-01-01,OO,6845,SFO,SBA,1405,1420,15,16,1436,1534,3,1524,1537,13,0,,0,79,77,58,262,,,,,
2010-01-01,OO,6846,SFO,SBA,1034,1121,47,19,1140,1235,2,1153,1237,44,0,,0,79,76,55,262,44,0,0,0,0
2010-01-01,OO,6847,SFO,SBA,1935,1952,17,12,2004,2101,3,2054,2104,10,0,,0,79,72,57,262,,,,,
2010-01-01,OO,6848,SFO,SBA,2235,2234,-1,12,2246,2342,5,2354,2347,-7,0,,0,79,73,56,262,,,,,
2010-01-01,OO,7755,CDC,SLC,911,905,-6,21,926,1017,12,1025,1029,4,0,,0,74,84,51,221,,,,,
2010-01-01,OO,7755,SLC,CDC,741,749,8,9,758,845,4,856,849,-7,0,,0,75,60,47,221,,,,,
2010-01-01,OO,7756,CDC,SLC,1807,1825,18,11,1836,1925,6,1915,1931,16,0,,0,68,66,49,221,0,0,0,0,16
2010-01-01,OO,7756,SLC,CDC,1645,1703,18,20,1723,1811,3,1752,1814,22,0,,0,67,71,48,221,0,0,4,0,18
2010-01-01,OO,7759,EKO,SLC,807,806,-1,27,833,1019,9,1025,1028,3,0,,0,78,82,46,200,,,,,
2010-01-01,OO,7760,EKO,SLC,1345,1343,-2,8,1351,1541,4,1553,1545,-8,0,,0,68,62,50,200,,,,,
2010-01-01,OO,7760,SLC,EKO,1115,1145,30,22,1207,1154,6,1130,1200,30,0,,0,75,75,47,200,30,0,0,0,0
2010-01-01,OO,7761,EKO,SLC,1850,1839,-11,16,1855,2042,5,2057,2047,-10,0,,0,67,68,47,200,,,,,
2010-01-01,OO,7761,SLC,EKO,1655,1703,8,17,1720,1710,6,1704,1716,12,0,,0,69,73,50,200,,,,,
2010-01-01,OO,7762,SLC,EKO,2150,2141,-9,11,2152,2138,7,2202,2145,-17,0,,0,72,64,46,200,,,,,
2010-01-01,OO,7764,PIH,SLC,924,,,,,,,1025,,,1,A,0,61,,,150,,,,,
2010-01-01,OO,7765,PIH,SLC,1118,1124,6,19,1143,1218,7,1215,1225,10,0,,0,57,61,35,150,,,,,
2010-01-01,OO,7765,SLC,PIH,955,955,0,22,1017,1102,4,1103,1106,3,0,,0,68,71,45,150,,,,,
2010-01-01,OO,7766,PIH,SLC,1809,1759,-10,7,1806,1844,8,1902,1852,-10,0,,0,53,53,38,150,,,,,
2010-01-01,OO,7766,SLC,PIH,1550,1630,40,10,1640,1724,7,1654,1731,37,0,,0,64,61,44,150,37,0,0,0,0
2010-01-01,OO,7767,GCC,RKS,614,608,-6,23,631,734,4,739,738,-1,0,,0,85,90,63,261,,,,,
2010-01-01,OO,7767,RKS,SLC,754,756,2,17,813,909,16,906,925,19,0,,0,72,89,56,161,0,0,17,2,0
2010-01-01,OO,7768,SGU,SLC,605,600,-5,12,612,707,4,723,711,-12,0,,0,78,71,55,269,,,,,
2010-01-01,OO,7769,SGU,SLC,748,747,-1,14,801,911,12,906,923,17,0,,0,78,96,70,269,0,0,17,0,0
2010-01-01,OO,7770,SGU,SLC,901,,,,,,,1025,,,1,A,0,84,,,269,,,,,
2010-01-01,OO,7771,SGU,SLC,1140,1207,27,5,1212,1310,6,1304,1316,12,0,,0,84,69,58,269,,,,,
2010-01-01,OO,7771,SLC,SGU,955,1009,14,27,1036,1138,5,1121,1143,22,0,,0,86,94,62,269,0,0,8,0,14
2010-01-01,OO,7774,SGU,SLC,1745,1737,-8,5,1742,1845,6,1902,1851,-11,0,,0,77,74,63,269,,,,,
2010-01-01,OO,7774,SLC,SGU,1505,1505,0,16,1521,1624,2,1626,1626,0,0,,0,81,81,63,269,,,,,
2010-01-01,OO,7775,SLC,SGU,2140,2138,-2,13,2151,2248,5,2259,2253,-6,0,,0,79,75,57,269,,,,,
2010-01-01,OO,7776,RKS,SLC,1500,1505,5,17,1522,1615,4,1607,1619,12,0,,0,67,74,53,161,,,,,
2010-01-01,OO,7776,SLC,RKS,1340,1353,13,23,1416,1453,2,1439,1455,16,0,,0,59,62,37,161,1,0,3,0,12
2010-01-01,OO,7778,SLC,SGU,1955,1955,0,15,2010,2111,5,2116,2116,0,0,,0,81,81,61,269,,,,,
2010-01-01,OO,7779,SGU,SLC,1925,1915,-10,5,1920,2020,5,2040,2025,-15,0,,0,75,70,60,269,,,,,
2010-01-01,OO,7779,SLC,SGU,1700,1703,3,17,1720,1819,4,1821,1823,2,0,,0,81,80,59,269,,,,,
2010-01-01,OO,7780,SUN,SLC,700,,,,,,,804,,,1,B,0,64,,,223,,,,,
2010-01-01,OO,7782,SUN,SLC,918,,,,,,,1025,,,1,B,0,67,,,223,,,,,
2010-01-01,OO,7784,SLC,SUN,955,955,0,28,1023,,,1113,,,0,,1,78,,,223,,,,,
2010-01-01,OO,7785,SUN,SLC,1150,,,,,,,1257,,,1,B,0,67,,,223,,,,,
2010-01-01,OO,7787,SLC,PIH,2145,2136,-9,15,2151,2233,3,2240,2236,-4,0,,0,55,60,42,150,,,,,
2010-01-01,OO,7788,SLC,SUN,1110,1110,0,10,1120,,,1228,,,0,,1,78,,,223,,,,,
2010-01-01,OO,7789,SUN,SLC,1315,,,,,,,1422,,,1,B,0,67,,,223,,,,,
2010-01-01,OO,7790,SLC,SUN,1335,1335,0,48,1423,,,1446,,,0,,1,71,,,223,,,,,
2010-01-01,OO,7791,SUN,SLC,1503,,,,,,,1610,,,1,B,0,67,,,223,,,,,
2010-01-01,OO,7792,SLC,SUN,1510,1536,26,12,1548,,,1621,,,0,,1,71,,,223,,,,,
2010-01-01,OO,7793,SUN,SLC,1800,,,,,,,1907,,,1,B,0,67,,,223,,,,,
2010-01-01,OO,7794,SLC,SUN,1650,1641,-9,12,1653,,,1801,,,0,,1,71,,,223,,,,,
2010-01-01,OO,7795,SUN,SLC,1930,,,,,,,2037,,,1,B,0,67,,,223,,,,,
2010-01-01,OO,7796,SLC,SUN,2140,2214,34,11,2225,,,2251,,,0,,1,71,,,223,,,,,
2010-01-01,OO,7797,SLC,SUN,749,744,-5,8,752,,,903,,,0,,1,74,,,223,,,,,
2010-01-01,OO,7798,SLC,COD,2145,2138,-7,17,2155,2258,3,2314,2301,-13,0,,0,89,83,63,298,,,,,
2010-01-01,OO,7799,COD,SLC,605,602,-3,14,616,731,5,734,736,2,0,,0,89,94,75,298,,,,,
2010-01-01,OO,7800,TWF,SLC,620,619,-1,22,641,722,5,715,727,12,0,,0,55,68,41,175,,,,,
2010-01-01,OO,7801,SLC,TWF,803,755,-8,14,809,854,3,907,857,-10,0,,0,64,62,45,175,,,,,
2010-01-01,OO,7801,TWF,SLC,922,917,-5,11,928,1008,11,1025,1019,-6,0,,0,63,62,40,175,,,,,
2010-01-01,OO,7802,SLC,TWF,1130,1124,-6,18,1142,1226,2,1234,1228,-6,0,,0,64,64,44,175,,,,,
2010-01-01,OO,7802,TWF,SLC,1450,1449,-1,28,1517,1557,6,1553,1603,10,0,,0,63,74,40,175,,,,,
2010-01-01,OO,7803,SLC,TWF,1710,1711,1,20,1731,1813,3,1814,1816,2,0,,0,64,65,42,175,,,,,
2010-01-01,OO,7803,TWF,SLC,1935,1935,0,15,1950,2030,7,2031,2037,6,0,,0,56,62,40,175,,,,,
2010-01-01,OO,7804,SLC,TWF,2150,2141,-9,19,2200,2243,5,2254,2248,-6,0,,0,64,67,43,175,,,,,
2010-01-01,OO,7806,COD,SLC,1249,1236,-13,7,1243,1350,7,1418,1357,-21,0,,0,89,81,67,298,,,,,
2010-01-01,OO,7806,SLC,COD,1055,1055,0,16,1111,1210,5,1224,1215,-9,0,,0,89,80,59,298,,,,,
2010-01-01,OO,7809,SLC,SUN,1240,1242,2,21,1303,,,1358,,,0,,1,78,,,223,,,,,
2010-01-01,OO,7810,SUN,SLC,1415,,,,,,,1522,,,1,B,0,67,,,223,,,,,
2010-01-01,OO,7811,GCC,SLC,1350,1329,-21,15,1344,1521,3,1552,1524,-28,0,,0,122,115,97,410,,,,,
2010-01-01,OO,7811,SLC,GCC,1135,1127,-8,20,1147,1303,2,1327,1305,-22,0,,0,112,98,76,410,,,,,
2010-01-01,OO,7812,RKS,GCC,2109,2115,6,11,2126,2218,4,2219,2222,3,0,,0,70,67,52,261,,,,,
2010-01-01,OO,7812,SLC,RKS,1955,1955,0,25,2020,2057,6,2054,2103,9,0,,0,59,68,37,161,,,,,
2010-01-01,OO,3063,STL,MKE,600,555,-5,17,612,705,7,715,712,-3,0,,0,75,77,53,317,,,,,
2010-01-01,OO,3064,MKE,STL,930,929,-1,13,942,1035,4,1050,1039,-11,0,,0,80,70,53,317,,,,,
2010-01-01,OO,3065,STL,MKE,1120,1111,-9,11,1122,1221,5,1235,1226,-9,0,,0,75,75,59,317,,,,,
2010-01-01,OO,4439,CVG,ATL,2000,1959,-1,11,2010,2111,7,2135,2118,-17,0,,0,95,79,61,373,,,,,
2010-01-01,OO,4440,ASE,ATL,1130,1130,0,13,1143,1619,20,1635,1639,4,0,,0,185,189,156,1304,,,,,
2010-01-01,OO,4440,ATL,ASE,1723,1729,6,13,1742,1907,4,1905,1911,6,0,,0,222,222,205,1304,,,,,
2010-01-01,OO,4441,SLC,SFO,1715,1722,7,26,1748,1837,6,1827,1843,16,0,,0,132,141,109,599,0,0,9,0,7
2010-01-01,OO,4442,IDA,SLC,1515,1516,1,26,1542,1617,4,1610,1621,11,0,,0,55,65,35,188,,,,,
2010-01-01,OO,4443,CVG,MKE,2020,2025,5,17,2042,2040,4,2045,2044,-1,0,,0,85,79,58,318,,,,,
2010-01-01,OO,4444,SLC,RAP,1516,1516,0,13,1529,1637,4,1650,1641,-9,0,,0,94,85,68,508,,,,,
2010-01-01,OO,4445,DFW,SLC,1415,1418,3,13,1431,1600,6,1608,1606,-2,0,,0,173,168,149,988,,,,,
2010-01-01,OO,4446,ATL,CVG,1735,1739,4,20,1759,1900,4,1901,1904,3,0,,0,86,85,61,373,,,,,
2010-01-01,OO,4448,JAC,SLC,1700,1704,4,11,1715,1751,11,1759,1802,3,0,,0,59,58,36,205,,,,,
2010-01-01,OO,4448,SLC,JAC,1511,1523,12,15,1538,1617,3,1615,1620,5,0,,0,64,57,39,205,,,,,
2010-01-01,OO,4449,SLC,FAR,1345,1341,-4,10,1351,1643,12,1704,1655,-9,0,,0,139,134,112,865,,,,,
2010-01-01,OO,4451,SAN,SLC,720,725,5,12,737,1022,11,1014,1033,19,0,,0,114,128,105,626,5,0,14,0,0
2010-01-01,OO,4451,SLC,BZN,1110,1106,-4,20,1126,1222,5,1234,1227,-7,0,,0,84,81,56,347,,,,,
2010-01-01,OO,4452,SLC,ORD,1340,1444,64,7,1451,1813,12,1750,1825,35,0,,0,190,161,142,1249,31,0,0,0,4
2010-01-01,OO,4453,IAH,SLC,1335,1325,-10,19,1344,1542,7,1555,1549,-6,0,,0,200,204,178,1195,,,,,
2010-01-01,OO,4454,PDX,SLC,1307,1306,-1,10,1316,1538,7,1555,1545,-10,0,,0,108,99,82,630,,,,,
2010-01-01,OO,4454,SLC,MSY,1653,1653,0,13,1706,2049,6,2102,2055,-7,0,,0,189,182,163,1428,,,,,
2010-01-01,OO,4455,IAH,SLC,1630,1632,2,18,1650,1856,9,1850,1905,15,0,,0,200,213,186,1195,0,0,13,0,2
2010-01-01,OO,4456,SLC,LWS,1102,1109,7,16,1125,1134,4,1138,1138,0,0,,0,96,89,69,461,,,,,
2010-01-01,OO,4457,CVG,OMA,1700,1651,-9,10,1701,1745,4,1800,1749,-11,0,,0,120,118,104,614,,,,,
2010-01-01,OO,4458,MKE,CVG,800,752,-8,15,807,1003,7,1024,1010,-14,0,,0,84,78,56,318,,,,,
2010-01-01,OO,4459,OMA,SLC,1725,1728,3,9,1737,1858,9,1905,1907,2,0,,0,160,159,141,839,,,,,
2010-01-01,OO,4461,MSO,SLC,630,641,11,21,702,806,5,755,811,16,0,,0,85,90,64,436,0,11,5,0,0
2010-01-01,OO,4461,SLC,SMF,841,850,9,18,908,932,4,927,936,9,0,,0,106,106,84,532,,,,,
2010-01-01,OO,4462,SLC,IAH,1950,1946,-4,61,2047,7,8,2345,15,30,0,,0,175,209,140,1195,0,0,30,0,0
2010-01-01,OO,4463,CLE,CVG,1205,1202,-3,33,1235,1319,3,1315,1322,7,0,,0,70,80,44,221,,,,,
2010-01-01,OO,4465,MSO,SLC,1150,1147,-3,10,1157,1303,6,1310,1309,-1,0,,0,80,82,66,436,,,,,
2010-01-01,OO,4465,SLC,SAN,1358,1350,-8,26,1416,1452,4,1452,1456,4,0,,0,114,126,96,626,,,,,
2010-01-01,OO,4466,SEA,SLC,1010,1010,0,16,1026,1256,5,1306,1301,-5,0,,0,116,111,90,689,,,,,
2010-01-01,OO,4467,MSO,SLC,1310,1335,25,11,1346,1449,8,1430,1457,27,0,,0,80,82,63,436,8,0,2,0,17
2010-01-01,OO,4469,MSO,SLC,1734,1717,-17,9,1726,1831,5,1854,1836,-18,0,,0,80,79,65,436,,,,,
2010-01-01,OO,4470,MCI,SLC,1856,1849,-7,7,1856,2032,8,2044,2040,-4,0,,0,168,171,156,919,,,,,
2010-01-01,OO,4471,SLC,IAH,1341,1345,4,14,1359,1721,4,1746,1725,-21,0,,0,185,160,142,1195,,,,,
2010-01-01,OO,4472,CLE,CVG,1810,1812,2,25,1837,1920,3,1920,1923,3,0,,0,70,71,43,221,,,,,
2010-01-01,OO,4472,CVG,BNA,2020,2003,-17,24,2027,2006,7,2030,2013,-17,0,,0,70,70,39,230,,,,,
2010-01-01,OO,4473,GTF,SLC,1300,1252,-8,10,1302,1414,8,1424,1422,-2,0,,0,84,90,72,463,,,,,
2010-01-01,OO,4473,SLC,SJC,1500,1457,-3,15,1512,1555,4,1604,1559,-5,0,,0,124,122,103,585,,,,,
2010-01-01,OO,4474,CVG,CLE,1635,1628,-7,12,1640,1722,28,1745,1750,5,0,,0,70,82,42,221,,,,,
2010-01-01,OO,4475,ATL,SLC,1000,956,-4,33,1029,1232,13,1200,1245,45,0,,0,240,289,243,1589,0,0,45,0,0
2010-01-01,OO,4476,SLC,BNA,1650,1647,-3,28,1715,2052,6,2121,2058,-23,0,,0,211,191,157,1403,,,,,
2010-01-01,OO,4477,RDM,SLC,1230,1221,-9,12,1233,1440,10,1507,1450,-17,0,,0,97,89,67,526,,,,,
2010-01-01,OO,4478,ATL,IAH,1850,1850,0,17,1907,1954,3,2007,1957,-10,0,,0,137,127,107,689,,,,,
2010-01-01,OO,4479,IND,ATL,1220,1221,1,10,1231,1339,6,1358,1345,-13,0,,0,98,84,68,432,,,,,
2010-01-01,OO,4480,FAR,SLC,1730,1724,-6,9,1733,1850,7,1900,1857,-3,0,,0,150,153,137,865,,,,,
2010-01-01,OO,4481,ORD,SLC,740,738,-2,12,750,958,36,1020,1034,14,0,,0,220,236,188,1249,,,,,
2010-01-01,OO,4481,SLC,PDX,1123,1121,-2,16,1137,1218,4,1222,1222,0,0,,0,119,121,101,630,,,,,
2010-01-01,OO,4482,PHX,SLC,1105,1101,-4,16,1117,1230,5,1245,1235,-10,0,,0,100,94,73,507,,,,,
2010-01-01,OO,4484,SLC,ORD,845,847,2,15,902,1234,4,1255,1238,-17,0,,0,190,171,152,1249,,,,,
2010-01-01,OO,4485,SLC,PHX,953,956,3,30,1026,1137,4,1140,1141,1,0,,0,107,105,71,507,,,,,
2010-01-01,OO,4487,ORD,SLC,1325,1331,6,11,1342,1554,6,1605,1600,-5,0,,0,220,209,192,1249,,,,,
2010-01-01,OO,4487,SLC,LGB,1646,1651,5,14,1705,1736,4,1740,1740,0,0,,0,114,109,91,589,,,,,
2010-01-01,OO,4488,ORD,CVG,1320,1319,-1,25,1344,1530,6,1541,1536,-5,0,,0,81,77,46,264,,,,,
2010-01-01,OO,4490,PHX,SLC,1723,1732,9,14,1746,1901,7,1903,1908,5,0,,0,100,96,75,507,,,,,
2010-01-01,OO,4491,GEG,SLC,1624,1628,4,12,1640,1854,8,1908,1902,-6,0,,0,104,94,74,546,,,,,
2010-01-01,OO,4491,SLC,ELP,2002,2000,-2,24,2024,2154,5,2212,2159,-13,0,,0,130,119,90,693,,,,,
2010-01-01,OO,4492,ELP,SLC,815,819,4,34,853,1041,4,1013,1045,32,0,,0,118,146,108,693,0,4,28,0,0
2010-01-01,OO,4492,SLC,SJC,1121,1114,-7,16,1130,1217,6,1229,1223,-6,0,,0,128,129,107,585,,,,,
2010-01-01,OO,4493,RAP,SLC,825,821,-4,11,832,957,10,1018,1007,-11,0,,0,113,106,85,508,,,,,
2010-01-01,OO,4493,SLC,FAT,1128,1122,-6,22,1144,1205,6,1212,1211,-1,0,,0,104,109,81,501,,,,,
2010-01-01,OO,4494,GJT,SLC,645,647,2,26,713,754,3,753,757,4,0,,0,68,70,41,217,,,,,
2010-01-01,OO,4495,RAP,SLC,1718,1715,-3,14,1729,1857,9,1904,1906,2,0,,0,106,111,88,508,,,,,
2010-01-01,OO,4496,PDX,SLC,1710,1701,-9,8,1709,1927,5,1958,1932,-26,0,,0,108,91,78,630,,,,,
2010-01-01,OO,4497,CVG,ORD,1111,1106,-5,10,1116,1107,6,1121,1113,-8,0,,0,70,67,51,264,,,,,
2010-01-01,OO,4498,PHX,SLC,1910,1909,-1,13,1922,2038,6,2051,2044,-7,0,,0,101,95,76,507,,,,,
2010-01-01,OO,4499,MCI,SLC,605,638,33,23,701,827,5,753,832,39,0,,0,168,174,146,919,33,0,6,0,0
2010-01-01,OO,4499,SLC,SFO,832,848,16,15,903,952,3,944,955,11,0,,0,132,127,109,599,,,,,
2010-01-01,OO,4500,ATL,IAD,1211,1213,2,26,1239,1349,6,1359,1355,-4,0,,0,108,102,70,533,,,,,
2010-01-01,OO,4501,JAC,SLC,1515,1527,12,26,1553,1627,4,1613,1631,18,0,,0,58,64,34,205,0,12,6,0,0
2010-01-01,OO,4501,SLC,DEN,1701,1715,14,35,1750,1851,9,1828,1900,32,0,,0,87,105,61,390,0,0,18,0,14
2010-01-01,OO,4502,BOI,SLC,1508,1503,-5,15,1518,1602,4,1615,1606,-9,0,,0,67,63,44,291,,,,,
2010-01-01,OO,4502,SLC,BOI,1328,1322,-6,18,1340,1429,4,1438,1433,-5,0,,0,70,71,49,291,,,,,
2010-01-01,OO,4503,SLC,ABQ,1352,1347,-5,23,1410,1520,6,1538,1526,-12,0,,0,106,99,70,493,,,,,
2010-01-01,OO,4504,SLC,IAH,1030,1049,19,19,1108,1436,13,1436,1449,13,0,,0,186,180,148,1195,,,,,
2010-01-01,OO,4505,FCA,SLC,1415,2128,433,35,2203,2317,9,1555,2326,451,0,,0,100,118,74,532,433,0,18,0,0
2010-01-01,OO,4505,SLC,ABQ,1650,1651,1,17,1708,1815,7,1830,1822,-8,0,,0,100,91,67,493,,,,,
2010-01-01,OO,4506,SLC,BIL,1705,1705,0,14,1719,1814,7,1830,1821,-9,0,,0,85,76,55,387,,,,,
2010-01-01,OO,4507,BIL,SLC,1140,1140,0,9,1149,1250,6,1300,1256,-4,0,,0,80,76,61,387,,,,,
2010-01-01,OO,4507,SLC,OKC,1345,1347,2,18,1405,1650,5,1700,1655,-5,0,,0,135,128,105,866,,,,,
2010-01-01,OO,4508,ABQ,SLC,1700,1658,-2,12,1710,1836,4,1840,1840,0,0,,0,100,102,86,493,,,,,
2010-01-01,OO,4508,SLC,BIL,2020,2012,-8,21,2033,2128,3,2145,2131,-14,0,,0,85,79,55,387,,,,,
2010-01-01,OO,4509,SLC,PHX,2130,2130,0,15,2145,2258,5,2308,2303,-5,0,,0,98,93,73,507,,,,,
2010-01-01,OO,4510,ATL,IND,1001,1010,9,26,1036,1141,5,1138,1146,8,0,,0,97,96,65,432,,,,,
2010-01-01,OO,4511,ATL,ELP,849,846,-3,25,911,1011,3,1019,1014,-5,0,,0,210,208,180,1282,,,,,
2010-01-01,OO,4511,BNA,ATL,530,538,8,15,553,734,5,744,739,-5,0,,0,74,61,41,214,,,,,
2010-01-01,OO,4512,SAN,SLC,1730,1730,0,12,1742,2011,4,2017,2015,-2,0,,0,107,105,89,626,,,,,
2010-01-01,OO,4514,SLC,BZN,954,950,-4,17,1007,1100,4,1118,1104,-14,0,,0,84,74,53,347,,,,,
2010-01-01,OO,4515,SLC,SNA,1647,1648,1,21,1709,1741,7,1740,1748,8,0,,0,113,120,92,588,,,,,
2010-01-01,OO,4516,ELP,ATL,1300,1305,5,11,1316,1747,7,1808,1754,-14,0,,0,188,169,151,1282,,,,,
2010-01-01,OO,4517,BIL,SLC,735,721,-14,28,749,902,9,900,911,11,0,,0,85,110,73,387,,,,,
2010-01-01,OO,4518,ABQ,SLC,1420,1444,24,6,1450,1611,6,1559,1617,18,0,,0,99,93,81,493,0,0,0,0,18
2010-01-01,OO,4519,ATL,BNA,2247,2244,-3,14,2258,2240,6,2258,2246,-12,0,,0,71,62,42,214,,,,,
2010-01-01,OO,4520,SAT,SLC,700,659,-1,10,709,906,10,900,916,16,0,,0,180,197,177,1086,0,0,16,0,0
2010-01-01,OO,4520,SLC,LAS,957,1001,4,31,1032,1031,4,1025,1035,10,0,,0,88,94,59,368,,,,,
2010-01-01,OO,4521,SLC,ABQ,1959,1956,-3,13,2009,2121,7,2139,2128,-11,0,,0,100,92,72,493,,,,,
2010-01-01,OO,4521,SMF,SLC,1615,1618,3,8,1626,1841,4,1850,1845,-5,0,,0,95,87,75,532,,,,,
2010-01-01,OO,4524,LGB,SLC,1005,957,-8,19,1016,1245,4,1250,1249,-1,0,,0,105,112,89,589,,,,,
2010-01-01,OO,4524,SLC,COS,1345,1352,7,11,1403,1515,6,1520,1521,1,0,,0,95,89,72,410,,,,,
2010-01-01,OO,4526,OMA,CVG,1000,1007,7,23,1030,1253,7,1252,1300,8,0,,0,112,113,83,614,,,,,
2010-01-01,OO,4528,LGB,SLC,1630,1628,-2,8,1636,1903,4,1915,1907,-8,0,,0,105,99,87,589,,,,,
2010-01-01,OO,4528,SLC,COS,1945,1944,-1,16,2000,2102,5,2120,2107,-13,0,,0,95,83,62,410,,,,,
2010-01-01,OO,4529,SLC,BUR,1545,1542,-3,16,1558,1637,3,1643,1640,-3,0,,0,118,118,99,574,,,,,
2010-01-01,OO,4530,SAT,ATL,635,629,-6,11,640,924,15,955,939,-16,0,,0,140,130,104,874,,,,,
2010-01-01,OO,4531,SEA,SLC,1130,1151,21,16,1207,1434,6,1424,1440,16,0,,0,114,109,87,689,0,0,0,0,16
2010-01-01,OO,4531,SLC,PHX,1502,1514,12,18,1532,1650,6,1644,1656,12,0,,0,102,102,78,507,,,,,
2010-01-01,OO,4532,SLC,CPR,2135,2130,-5,13,2143,2229,4,2249,2233,-16,0,,0,74,63,46,320,,,,,
2010-01-01,OO,4533,SLC,PHX,836,835,-1,20,855,1008,5,1016,1013,-3,0,,0,100,98,73,507,,,,,
2010-01-01,OO,4535,SLC,OAK,947,1031,44,14,1045,1124,4,1053,1128,35,0,,0,126,117,99,589,35,0,0,0,0
2010-01-01,OO,4535,STL,SLC,640,634,-6,19,653,903,18,909,921,12,0,,0,209,227,190,1156,,,,,
2010-01-01,OO,4536,BUR,SLC,1300,1254,-6,17,1311,1535,4,1548,1539,-9,0,,0,108,105,84,574,,,,,
2010-01-01,OO,4536,SLC,FCA,1705,1713,8,33,1746,1906,5,1853,1911,18,0,,0,108,118,80,532,0,0,10,0,8
2010-01-01,OO,4537,SLC,STL,1708,1707,-1,38,1745,2057,4,2053,2101,8,0,,0,165,174,132,1156,,,,,
2010-01-01,OO,4538,OAK,SLC,735,729,-6,8,737,953,12,1027,1005,-22,0,,0,112,96,76,589,,,,,
2010-01-01,OO,4539,GEG,SLC,1020,1013,-7,9,1022,1239,6,1256,1245,-11,0,,0,96,92,77,546,,,,,
2010-01-01,OO,4539,SLC,TUL,1340,1357,17,18,1415,1707,5,1703,1712,9,0,,0,143,135,112,926,,,,,
2010-01-01,OO,4540,GJT,SLC,1300,1250,-10,14,1304,1346,8,1406,1354,-12,0,,0,66,64,42,217,,,,,
2010-01-01,OO,4541,MSO,SLC,740,1429,409,36,1505,1608,4,905,1612,427,0,,0,85,103,63,436,409,0,18,0,0
2010-01-01,OO,4541,SLC,TUS,955,953,-2,32,1025,1147,5,1145,1152,7,0,,0,110,119,82,601,,,,,
2010-01-01,OO,4542,SLC,SEA,820,827,7,22,849,939,5,940,944,4,0,,0,140,137,110,689,,,,,
2010-01-01,OO,4543,ABQ,SLC,840,842,2,31,913,1035,4,1026,1039,13,0,,0,106,117,82,493,,,,,
2010-01-01,OO,4545,FCA,SLC,1725,1722,-3,21,1743,1902,6,1904,1908,4,0,,0,99,106,79,532,,,,,
2010-01-01,OO,4545,SLC,TUS,1955,1946,-9,11,1957,2121,3,2145,2124,-21,0,,0,110,98,84,601,,,,,
2010-01-01,OO,4546,SJC,SLC,1310,1300,-10,11,1311,1533,7,1559,1540,-19,0,,0,109,100,82,585,,,,,
2010-01-01,OO,4546,SLC,SEA,1703,1713,10,24,1737,1827,3,1819,1830,11,0,,0,136,137,110,689,,,,,
2010-01-01,OO,4547,IAH,SLC,1816,1809,-7,14,1823,2023,12,2035,2035,0,0,,0,199,206,180,1195,,,,,
2010-01-01,OO,4547,SLC,SJC,2136,2128,-8,16,2144,2209,4,2236,2213,-23,0,,0,120,105,85,585,,,,,
2010-01-01,OO,4550,SLC,DFW,1008,1016,8,18,1034,1335,10,1345,1345,0,0,,0,157,149,121,988,,,,,
2010-01-01,OO,4551,SLC,BUR,2130,2125,-5,16,2141,2218,9,2228,2227,-1,0,,0,118,122,97,574,,,,,
2010-01-01,OO,4552,IDA,SLC,1816,1807,-9,25,1832,1906,7,1911,1913,2,0,,0,55,66,34,188,,,,,
2010-01-01,OO,4552,SLC,IDA,1646,1644,-2,16,1700,1737,6,1748,1743,-5,0,,0,62,59,37,188,,,,,
2010-01-01,OO,4555,SLC,SAN,1520,1606,46,22,1628,1659,5,1613,1704,51,0,,0,113,118,91,626,46,0,5,0,0
2010-01-01,OO,4556,SLC,STL,936,944,8,15,959,1318,3,1325,1321,-4,0,,0,169,157,139,1156,,,,,
2010-01-01,OO,4558,SFO,SLC,1300,1339,39,21,1400,1619,6,1555,1625,30,0,,0,115,106,79,599,0,0,0,0,30
2010-01-01,OO,4558,SLC,IAH,1650,1656,6,19,1715,2036,4,2045,2040,-5,0,,0,175,164,141,1195,,,,,
2010-01-01,OO,4559,BUF,CVG,1655,1649,-6,26,1715,1823,5,1828,1828,0,0,,0,93,99,68,410,,,,,
2010-01-01,OO,4560,SLC,GJT,945,935,-10,28,1003,1041,4,1054,1045,-9,0,,0,69,70,38,217,,,,,
2010-01-01,OO,4562,SJC,SLC,1008,1008,0,10,1018,1242,5,1303,1247,-16,0,,0,115,99,84,585,,,,,
2010-01-01,OO,4564,GTF,SLC,620,620,0,12,632,739,7,744,746,2,0,,0,84,86,67,463,,,,,
2010-01-01,OO,4565,IAH,SLC,625,621,-4,18,639,837,6,855,843,-12,0,,0,210,202,178,1195,,,,,
2010-01-01,OO,4565,SLC,LAX,943,947,4,15,1002,1033,6,1047,1039,-8,0,,0,124,112,91,590,,,,,
2010-01-01,OO,4566,HDN,SLC,1255,1301,6,10,1311,1405,4,1406,1409,3,0,,0,71,68,54,250,,,,,
2010-01-01,OO,4566,SLC,GEG,1506,1525,19,12,1537,1601,4,1558,1605,7,0,,0,112,100,84,546,,,,,
2010-01-01,OO,4567,BZN,SLC,1655,1646,-9,8,1654,1748,7,1811,1755,-16,0,,0,76,69,54,347,,,,,
2010-01-01,OO,4567,SLC,SAN,1948,1947,-1,20,2007,2041,3,2042,2044,2,0,,0,114,117,94,626,,,,,
2010-01-01,OO,4569,DEN,SLC,853,845,-8,14,859,1021,8,1024,1029,5,0,,0,91,104,82,390,,,,,
2010-01-01,OO,4570,SLC,GTF,2005,2000,-5,22,2022,2130,8,2140,2138,-2,0,,0,95,98,68,463,,,,,
2010-01-01,OO,4571,BZN,SLC,1145,1140,-5,10,1150,1244,7,1259,1251,-8,0,,0,74,71,54,347,,,,,
2010-01-01,OO,4571,SLC,PHX,1351,1351,0,12,1403,1520,4,1530,1524,-6,0,,0,99,93,77,507,,,,,
2010-01-01,OO,4572,SLC,HLN,1111,1111,0,13,1124,1230,3,1239,1233,-6,0,,0,88,82,66,402,,,,,
2010-01-01,OO,4573,ELP,SLC,1620,1609,-11,11,1620,1809,8,1818,1817,-1,0,,0,118,128,109,693,,,,,
2010-01-01,OO,4574,SLC,HLN,1505,1539,34,13,1552,1650,3,1633,1653,20,0,,0,88,74,58,402,0,0,0,0,20
2010-01-01,OO,4575,IAD,ATL,1431,1433,2,15,1448,1617,7,1637,1624,-13,0,,0,126,111,89,533,,,,,
2010-01-01,OO,4576,OKC,SLC,1725,1726,1,9,1735,1857,5,1900,1902,2,0,,0,155,156,142,866,,,,,
2010-01-01,OO,4576,SLC,HLN,2005,2001,-4,31,2032,2135,2,2135,2137,2,0,,0,90,96,63,402,,,,,
2010-01-01,OO,4578,SLC,IAH,845,844,-1,15,859,1225,8,1255,1233,-22,0,,0,190,169,146,1195,,,,,
2010-01-01,OO,4580,IAH,ATL,700,704,4,18,722,1000,7,1002,1007,5,0,,0,122,123,98,689,,,,,
2010-01-01,OO,4581,COS,SLC,1545,1551,6,8,1559,1718,12,1727,1730,3,0,,0,102,99,79,410,,,,,
2010-01-01,OO,4583,SLC,FCA,1511,1506,-5,20,1526,1643,3,1657,1646,-11,0,,0,106,100,77,532,,,,,
2010-01-01,OO,4583,SNA,SLC,1135,1132,-3,11,1143,1409,6,1424,1415,-9,0,,0,109,103,86,588,,,,,
2010-01-01,OO,4585,SLC,PDX,1950,1949,-1,15,2004,2045,6,2055,2051,-4,0,,0,125,122,101,630,,,,,
2010-01-01,OO,4585,TUS,SLC,1715,1709,-6,7,1716,1848,5,1903,1853,-10,0,,0,108,104,92,601,,,,,
2010-01-01,OO,4586,SLC,IDA,1129,1128,-1,18,1146,1226,11,1231,1237,6,0,,0,62,69,40,188,,,,,
2010-01-01,OO,4587,MCI,SLC,1401,1501,60,18,1519,1651,6,1549,1657,68,0,,0,168,176,152,919,21,0,8,0,39
2010-01-01,OO,4587,SLC,PHX,1651,1657,6,16,1713,1831,4,1840,1835,-5,0,,0,109,98,78,507,,,,,
2010-01-01,OO,4588,IDA,SLC,800,833,33,26,859,935,6,900,941,41,0,,0,60,68,36,188,0,33,8,0,0
2010-01-01,OO,4589,DEN,SLC,1443,1453,10,15,1508,1621,5,1615,1626,11,0,,0,92,93,73,390,,,,,
2010-01-01,OO,4589,SLC,LAS,1655,1739,44,11,1750,1748,6,1716,1754,38,0,,0,81,75,58,368,0,0,0,0,38
2010-01-01,OO,4590,DEN,SLC,1858,1930,32,18,1948,2058,4,2030,2102,32,0,,0,92,92,70,390,0,0,0,0,32
2010-01-01,OO,4590,SLC,LAS,2147,2145,-2,16,2201,2201,5,2208,2206,-2,0,,0,81,81,60,368,,,,,
2010-01-01,OO,4591,RNO,SLC,942,1008,26,13,1021,1218,8,1210,1226,16,0,,0,88,78,57,422,0,0,0,0,16
2010-01-01,OO,4591,SLC,DEN,1245,1306,21,11,1317,1413,7,1412,1420,8,0,,0,87,74,56,390,,,,,
2010-01-01,OO,4592,LAS,SLC,1930,1926,-4,18,1944,2138,17,2148,2155,7,0,,0,78,89,54,368,,,,,
2010-01-01,OO,4594,SLC,IDA,1958,1956,-2,31,2027,2109,4,2100,2113,13,0,,0,62,77,42,188,,,,,
2010-01-01,OO,4595,CVG,BUF,2010,2016,6,25,2041,2142,7,2132,2149,17,0,,0,82,93,61,410,6,0,11,0,0
2010-01-01,OO,4596,SLC,IDA,2141,2138,-3,15,2153,2231,6,2243,2237,-6,0,,0,62,59,38,188,,,,,
2010-01-01,OO,4597,SLC,ONT,1500,1457,-3,20,1517,1546,4,1549,1550,1,0,,0,109,113,89,558,,,,,
2010-01-01,OO,4599,SLC,GTF,1100,1059,-1,15,1114,1219,4,1235,1223,-12,0,,0,95,84,65,463,,,,,
2010-01-01,OO,4599,TUS,SLC,820,814,-6,14,828,1002,5,1017,1007,-10,0,,0,117,113,94,601,,,,,
2010-01-01,OO,4600,SJC,SLC,1629,1626,-3,18,1644,1913,4,1918,1917,-1,0,,0,109,111,89,585,,,,,
2010-01-01,OO,4601,SLC,ONT,2015,2016,1,18,2034,2100,5,2104,2105,1,0,,0,109,109,86,558,,,,,
