,hour,temperature,dewPoint,visibility,humidity,cloudCover,pressure,windSpeed,windBearing,precipType,icon,summary,Year,Month
5832,2010-09-01T00,73.2,64.47,9.43,0.74,0.21,1019.96,3.0,70.0,,clear-night,Clear,2010,09
5833,2010-09-01T01,72.79,64.36,9.67,0.75,0.21,1019.73,0.9,30.0,,clear-night,Clear,2010,09
5834,2010-09-01T02,72.39,64.22,9.63,0.76,0.0,1019.44,,,,clear-night,Clear,2010,09
5835,2010-09-01T03,70.15,63.06,9.48,0.78,0.0,1018.96,5.65,80.0,,clear-night,Clear,2010,09
5836,2010-09-01T04,69.79,62.94,9.39,0.79,0.0,1018.48,4.85,79.0,rain,clear-night,Clear,2010,09
5837,2010-09-01T05,69.72,62.89,9.28,0.79,0.0,1018.67,3.29,12.0,,clear-night,Clear,2010,09
5838,2010-09-01T06,68.1,62.77,9.26,0.83,0.0,1019.03,4.59,33.0,,clear-night,Clear,2010,09
5839,2010-09-01T07,67.04,62.43,9.23,0.85,0.0,1019.26,2.72,5.0,,clear-night,Clear,2010,09
5840,2010-09-01T08,68.18,63.04,9.21,0.84,0.0,1020.16,3.0,10.0,,clear-day,Clear,2010,09
5841,2010-09-01T09,74.38,64.51,9.43,0.71,0.0,1020.16,0.0,,,clear-day,Clear,2010,09
5842,2010-09-01T10,79.77,64.18,9.76,0.59,0.0,1020.07,2.33,350.0,,clear-day,Clear,2010,09
5843,2010-09-01T11,82.74,62.94,9.89,0.51,0.0,1019.75,2.0,62.0,,clear-day,Clear,2010,09
5844,2010-09-01T12,85.14,61.93,9.89,0.46,0.0,1019.35,4.99,137.0,,clear-day,Clear,2010,09
5845,2010-09-01T13,87.11,63.11,9.83,0.45,0.01,1018.73,4.41,97.0,,clear-day,Clear,2010,09
5846,2010-09-01T14,88.36,61.95,9.82,0.41,0.22,1017.83,6.38,158.0,,clear-day,Clear,2010,09
5847,2010-09-01T15,89.28,61.4,9.83,0.39,0.22,1017.2,4.69,140.0,,clear-day,Clear,2010,09
5848,2010-09-01T16,90.22,61.27,9.89,0.38,0.24,1016.42,7.23,165.0,,clear-day,Clear,2010,09
5849,2010-09-01T17,90.1,61.28,9.89,0.38,0.26,1015.89,3.7,116.0,,partly-cloudy-day,Partly Cloudy,2010,09
5850,2010-09-01T18,89.33,61.12,10.0,0.39,0.24,1015.6,5.83,55.0,,clear-day,Clear,2010,09
5851,2010-09-01T19,87.24,63.18,9.94,0.45,0.25,1015.49,4.89,191.0,,partly-cloudy-day,Partly Cloudy,2010,09
5852,2010-09-01T20,83.01,62.54,9.86,0.5,0.24,1013.49,3.0,270.0,,clear-day,Clear,2010,09
5853,2010-09-01T21,80.29,65.19,9.64,0.6,0.0,1015.53,1.93,255.0,,clear-night,Clear,2010,09
5854,2010-09-01T22,79.16,64.82,9.51,0.62,0.0,1016.11,0.0,,,clear-night,Clear,2010,09
5855,2010-09-01T23,78.98,65.56,9.45,0.64,0.24,1016.64,2.72,310.0,,clear-night,Clear,2010,09
5856,2010-09-02T00,77.42,65.14,9.35,0.66,0.0,1016.56,4.87,312.0,,clear-night,Clear,2010,09
5857,2010-09-02T01,75.03,65.62,9.23,0.73,0.0,1016.19,6.45,342.0,,clear-night,Clear,2010,09
5858,2010-09-02T02,75.35,64.79,9.15,0.7,0.0,1015.37,7.52,351.0,,clear-night,Clear,2010,09
5859,2010-09-02T03,74.87,63.6,9.11,0.68,0.01,1014.97,6.62,14.0,,clear-night,Clear,2010,09
5860,2010-09-02T04,74.33,63.4,9.03,0.69,0.0,1014.96,7.41,40.0,,clear-night,Clear,2010,09
5861,2010-09-02T05,71.95,63.62,8.96,0.75,0.0,1014.93,8.82,60.0,,clear-night,Clear,2010,09
5862,2010-09-02T06,70.03,64.19,9.03,0.82,0.0,1014.93,6.4,87.0,,clear-night,Clear,2010,09
5863,2010-09-02T07,69.69,64.51,8.21,0.84,0.0,1015.29,7.41,68.0,,clear-night,Clear,2010,09
5864,2010-09-02T08,70.91,65.49,6.83,0.83,0.01,1016.15,7.39,68.0,,clear-day,Clear,2010,09
5865,2010-09-02T09,73.78,66.88,7.18,0.79,0.02,1016.58,4.4,85.0,,clear-day,Clear,2010,09
5866,2010-09-02T10,77.26,67.1,8.25,0.71,0.22,1016.73,5.15,86.0,,clear-day,Clear,2010,09
5867,2010-09-02T11,81.25,67.33,8.9,0.63,0.24,1016.37,5.46,71.0,,clear-day,Clear,2010,09
5868,2010-09-02T12,84.47,65.94,9.61,0.54,0.27,1016.44,3.8,54.0,,partly-cloudy-day,Partly Cloudy,2010,09
5869,2010-09-02T13,87.34,62.74,9.64,0.44,0.28,1015.91,8.34,77.0,,partly-cloudy-day,Partly Cloudy,2010,09
5870,2010-09-02T14,88.97,60.88,9.72,0.39,0.31,1015.43,4.2,56.0,,partly-cloudy-day,Partly Cloudy,2010,09
5871,2010-09-02T15,89.89,60.47,9.77,0.38,0.57,1014.79,5.47,82.0,,partly-cloudy-day,Partly Cloudy,2010,09
5872,2010-09-02T16,90.06,60.0,9.9,0.37,0.59,1013.91,4.9,42.0,,partly-cloudy-day,Partly Cloudy,2010,09
5873,2010-09-02T17,89.34,59.99,10.0,0.38,0.27,1013.53,4.91,89.0,,partly-cloudy-day,Partly Cloudy,2010,09
5874,2010-09-02T18,89.82,58.34,10.0,0.35,0.24,1013.57,3.22,61.0,,clear-day,Clear,2010,09
5875,2010-09-02T19,87.76,57.04,10.0,0.35,0.24,1013.5,5.36,71.0,,clear-day,Clear,2010,09
5876,2010-09-02T20,83.83,61.17,9.67,0.47,0.25,1011.4,7.29,264.0,,partly-cloudy-night,Partly Cloudy,2010,09
5877,2010-09-02T21,79.53,64.35,9.61,0.6,0.01,1013.67,5.0,220.0,,clear-night,Clear,2010,09
5878,2010-09-02T22,77.35,65.22,9.53,0.66,0.0,1013.71,3.0,220.0,,clear-night,Clear,2010,09
5879,2010-09-02T23,75.61,65.28,9.42,0.7,0.0,1013.7,4.81,231.0,,clear-night,Clear,2010,09
5880,2010-09-03T00,75.28,65.36,9.26,0.71,0.0,1013.61,4.53,238.0,,clear-night,Clear,2010,09
5881,2010-09-03T01,73.34,64.45,9.05,0.74,0.0,1013.31,2.93,230.0,,clear-night,Clear,2010,09
5882,2010-09-03T02,72.42,63.02,9.01,0.72,0.0,1013.47,5.76,271.0,,clear-night,Clear,2010,09
5883,2010-09-03T03,72.9,63.06,8.96,0.71,0.0,1013.47,6.89,261.0,,clear-night,Clear,2010,09
5884,2010-09-03T04,72.05,62.84,8.92,0.73,0.23,1013.83,7.95,270.0,,clear-night,Clear,2010,09
5885,2010-09-03T05,72.78,62.51,8.95,0.7,0.22,1013.74,6.72,260.0,,clear-night,Clear,2010,09
5886,2010-09-03T06,72.83,62.4,8.83,0.7,0.59,1013.85,7.44,269.0,,partly-cloudy-night,Partly Cloudy,2010,09
5887,2010-09-03T07,71.91,62.8,8.67,0.73,0.67,1014.14,6.38,268.0,,partly-cloudy-night,Mostly Cloudy,2010,09
5888,2010-09-03T08,71.39,63.63,7.65,0.77,0.63,1014.36,7.4,278.0,,partly-cloudy-day,Mostly Cloudy,2010,09
5889,2010-09-03T09,75.22,64.35,8.41,0.69,0.26,1014.16,7.43,296.0,,partly-cloudy-day,Partly Cloudy,2010,09
5890,2010-09-03T10,79.33,64.55,8.81,0.61,0.22,1014.03,7.36,298.0,,clear-day,Clear,2010,09
5891,2010-09-03T11,84.37,65.02,9.61,0.52,0.24,1014.18,6.05,302.0,,clear-day,Clear,2010,09
5892,2010-09-03T12,87.88,64.59,9.79,0.46,0.04,1014.1,6.94,308.0,,clear-day,Clear,2010,09
5893,2010-09-03T13,89.33,61.71,9.79,0.4,0.27,1013.89,7.43,273.0,,partly-cloudy-day,Partly Cloudy,2010,09
5894,2010-09-03T14,90.26,58.76,9.76,0.35,0.26,1013.38,10.31,281.0,,partly-cloudy-day,Partly Cloudy,2010,09
5895,2010-09-03T15,89.84,58.92,9.79,0.36,0.28,1012.62,10.01,296.0,,partly-cloudy-day,Partly Cloudy,2010,09
5896,2010-09-03T16,91.13,59.62,10.0,0.35,0.26,1011.87,12.23,271.0,,partly-cloudy-day,Partly Cloudy,2010,09
5897,2010-09-03T17,91.13,57.9,10.0,0.33,0.26,1011.38,13.51,271.0,,partly-cloudy-day,Partly Cloudy,2010,09
5898,2010-09-03T18,89.32,59.33,10.0,0.37,0.25,1011.27,13.11,286.0,,partly-cloudy-day,Partly Cloudy,2010,09
5899,2010-09-03T19,87.33,60.76,9.73,0.41,0.23,1011.19,8.42,272.0,,clear-day,Clear,2010,09
5900,2010-09-03T20,76.42,46.27,10.0,0.34,0.21,1013.55,6.3,319.0,,clear-night,Clear,2010,09
5901,2010-09-03T21,82.07,61.14,9.84,0.49,0.24,1011.84,7.34,264.0,,clear-night,Clear,2010,09
5902,2010-09-03T22,80.15,62.07,9.93,0.54,0.24,1012.48,6.5,259.0,,clear-night,Clear,2010,09
5903,2010-09-03T23,77.82,62.85,9.82,0.6,0.25,1012.89,7.92,291.0,,partly-cloudy-night,Partly Cloudy,2010,09
5904,2010-09-04T00,76.13,63.84,9.82,0.66,0.51,1012.99,5.84,286.0,,partly-cloudy-night,Partly Cloudy,2010,09
5905,2010-09-04T01,76.31,65.46,9.78,0.69,0.53,1013.09,8.99,310.0,,partly-cloudy-night,Partly Cloudy,2010,09
5906,2010-09-04T02,75.53,65.65,9.8,0.71,0.54,1013.22,8.38,319.0,,partly-cloudy-night,Partly Cloudy,2010,09
5907,2010-09-04T03,74.44,63.93,9.78,0.7,0.21,1013.25,9.53,328.0,,clear-night,Clear,2010,09
5908,2010-09-04T04,72.7,60.03,10.0,0.65,0.21,1013.42,8.74,321.0,,clear-night,Clear,2010,09
5909,2010-09-04T05,71.39,57.02,10.0,0.61,0.5,1013.38,8.23,320.0,,partly-cloudy-night,Partly Cloudy,2010,09
5910,2010-09-04T06,68.73,54.49,10.0,0.6,0.53,1013.84,8.66,320.0,,partly-cloudy-night,Partly Cloudy,2010,09
5911,2010-09-04T07,66.56,53.36,10.0,0.63,0.52,1014.65,7.12,319.0,,partly-cloudy-night,Partly Cloudy,2010,09
5912,2010-09-04T08,66.47,52.66,10.0,0.61,0.53,1015.16,6.54,319.0,,partly-cloudy-day,Partly Cloudy,2010,09
5913,2010-09-04T09,67.98,52.39,10.0,0.57,0.51,1015.36,7.37,330.0,,partly-cloudy-day,Partly Cloudy,2010,09
5914,2010-09-04T10,71.28,51.44,10.0,0.5,0.52,1015.81,8.03,331.0,,partly-cloudy-day,Partly Cloudy,2010,09
5915,2010-09-04T11,74.04,48.49,10.0,0.4,0.5,1016.14,11.48,338.0,,partly-cloudy-day,Partly Cloudy,2010,09
5916,2010-09-04T12,76.1,47.75,10.0,0.37,0.22,1016.19,11.26,341.0,,clear-day,Clear,2010,09
5917,2010-09-04T13,78.23,47.01,10.0,0.33,0.22,1015.62,9.78,341.0,,clear-day,Clear,2010,09
5918,2010-09-04T14,79.5,45.96,10.0,0.31,0.22,1015.19,12.89,317.0,,clear-day,Clear,2010,09
5919,2010-09-04T15,81.26,45.34,10.0,0.28,0.22,1014.67,8.55,343.0,,clear-day,Clear,2010,09
5920,2010-09-04T16,82.97,43.65,10.0,0.25,0.22,1013.77,9.33,330.0,,clear-day,Clear,2010,09
5921,2010-09-04T17,83.08,43.49,10.0,0.25,0.22,1013.38,8.23,318.0,,clear-day,Clear,2010,09
5922,2010-09-04T18,82.74,42.07,10.0,0.24,0.22,1013.28,10.86,311.0,,clear-day,Dry,2010,09
5923,2010-09-04T19,80.67,42.98,10.0,0.26,0.21,1013.33,6.44,329.0,,clear-day,Dry,2010,09
5924,2010-09-04T20,77.37,48.92,9.89,0.37,0.0,1015.09,2.23,301.0,,clear-night,Clear,2010,09
5925,2010-09-04T21,72.83,47.34,10.0,0.4,0.21,1013.97,5.58,320.0,,clear-night,Clear,2010,09
5926,2010-09-04T22,69.55,49.14,10.0,0.48,0.21,1014.52,6.42,312.0,,clear-night,Clear,2010,09
5927,2010-09-04T23,67.61,48.99,10.0,0.51,0.21,1014.77,7.42,314.0,,clear-night,Clear,2010,09
5928,2010-09-05T00,66.08,49.31,10.0,0.55,0.5,1014.96,7.3,320.0,,partly-cloudy-night,Partly Cloudy,2010,09
5929,2010-09-05T01,64.34,49.36,10.0,0.58,0.5,1014.79,7.88,321.0,,partly-cloudy-night,Partly Cloudy,2010,09
5930,2010-09-05T02,64.12,48.56,10.0,0.57,0.21,1014.76,7.03,331.0,,clear-night,Clear,2010,09
5931,2010-09-05T03,62.87,48.12,10.0,0.59,0.21,1015.02,5.88,339.0,,clear-night,Clear,2010,09
5932,2010-09-05T04,61.18,48.86,10.0,0.64,0.21,1014.97,5.92,331.0,,clear-night,Clear,2010,09
5933,2010-09-05T05,59.83,48.46,10.0,0.66,0.21,1015.09,5.86,340.0,,clear-night,Clear,2010,09
5934,2010-09-05T06,59.67,48.39,10.0,0.66,0.22,1015.22,5.71,331.0,,clear-night,Clear,2010,09
5935,2010-09-05T07,58.29,48.76,10.0,0.71,0.23,1015.78,5.79,322.0,,clear-night,Clear,2010,09
5936,2010-09-05T08,59.08,49.69,10.0,0.71,0.52,1016.24,4.67,342.0,rain,partly-cloudy-day,Partly Cloudy,2010,09
5937,2010-09-05T09,64.79,51.29,10.0,0.62,0.22,1016.91,4.45,327.0,,clear-day,Clear,2010,09
5938,2010-09-05T10,69.78,48.61,10.0,0.47,0.23,1017.19,6.29,66.0,,clear-day,Clear,2010,09
5939,2010-09-05T11,73.8,49.18,10.0,0.42,0.21,1017.35,7.94,76.0,,clear-day,Clear,2010,09
5940,2010-09-05T12,76.12,49.15,10.0,0.39,0.21,1017.17,6.14,71.0,,clear-day,Clear,2010,09
5941,2010-09-05T13,79.69,48.49,10.0,0.34,0.21,1016.75,6.5,8.0,,clear-day,Clear,2010,09
5942,2010-09-05T14,81.02,47.1,10.0,0.31,0.01,1016.12,2.55,57.0,,clear-day,Clear,2010,09
5943,2010-09-05T15,82.2,46.14,9.89,0.28,0.0,1015.73,1.36,68.0,,clear-day,Clear,2010,09
5944,2010-09-05T16,83.24,44.78,9.89,0.26,0.0,1015.25,1.59,37.0,,clear-day,Clear,2010,09
5945,2010-09-05T17,84.66,45.79,9.89,0.26,0.0,1014.76,3.28,16.0,,clear-day,Clear,2010,09
5946,2010-09-05T18,84.3,47.27,9.89,0.28,0.0,1014.59,3.85,310.0,,clear-day,Clear,2010,09
5947,2010-09-05T19,82.39,48.21,9.89,0.3,0.0,1014.68,5.22,334.0,,clear-day,Clear,2010,09
5948,2010-09-05T20,81.91,52.07,9.89,0.36,0.0,1018.82,4.93,163.0,,clear-night,Clear,2010,09
5949,2010-09-05T21,72.17,51.34,9.89,0.48,0.0,1015.47,1.79,29.0,,clear-night,Clear,2010,09
5950,2010-09-05T22,72.25,52.16,9.89,0.49,0.0,1015.98,6.58,91.0,,clear-night,Clear,2010,09
5951,2010-09-05T23,67.57,53.35,9.89,0.6,0.0,1016.55,7.82,70.0,,clear-night,Clear,2010,09
5952,2010-09-06T00,66.5,53.61,10.0,0.63,0.0,1016.66,5.78,89.0,,clear-night,Clear,2010,09
5953,2010-09-06T01,67.41,53.09,10.0,0.6,0.0,1016.79,4.94,59.0,,clear-night,Clear,2010,09
5954,2010-09-06T02,65.76,53.49,10.0,0.65,0.0,1016.87,2.75,82.0,,clear-night,Clear,2010,09
5955,2010-09-06T03,65.42,53.08,10.0,0.64,0.0,1016.79,4.72,108.0,,clear-night,Clear,2010,09
5956,2010-09-06T04,64.66,52.83,10.0,0.66,0.0,1016.87,4.78,90.0,,clear-night,Clear,2010,09
5957,2010-09-06T05,63.19,51.71,10.0,0.66,0.0,1017.36,4.74,78.0,,clear-night,Clear,2010,09
5958,2010-09-06T06,61.7,51.96,10.0,0.7,0.0,1017.87,4.85,89.0,,clear-night,Clear,2010,09
5959,2010-09-06T07,61.38,52.2,10.0,0.72,0.0,1018.69,5.56,79.0,,clear-night,Clear,2010,09
5960,2010-09-06T08,62.72,53.49,10.0,0.72,0.0,1019.21,7.43,69.0,,clear-day,Clear,2010,09
5961,2010-09-06T09,67.85,55.11,10.0,0.64,0.0,1019.7,6.69,77.0,,clear-day,Clear,2010,09
5962,2010-09-06T10,72.79,55.7,10.0,0.55,0.0,1020.28,6.13,85.0,,clear-day,Clear,2010,09
5963,2010-09-06T11,78.02,56.6,10.0,0.48,0.0,1020.63,4.82,89.0,,clear-day,Clear,2010,09
5964,2010-09-06T12,82.06,53.38,10.0,0.37,0.0,1020.72,4.36,148.0,,clear-day,Clear,2010,09
5965,2010-09-06T13,84.93,51.56,10.0,0.32,0.0,1020.32,5.63,180.0,,clear-day,Clear,2010,09
5966,2010-09-06T14,86.15,50.07,10.0,0.29,0.0,1019.74,5.32,177.0,,clear-day,Clear,2010,09
5967,2010-09-06T15,87.44,48.82,10.0,0.26,0.0,1019.22,4.84,158.0,,clear-day,Clear,2010,09
5968,2010-09-06T16,88.29,48.49,10.0,0.25,0.0,1018.74,5.45,188.0,,clear-day,Clear,2010,09
5969,2010-09-06T17,89.12,48.96,9.89,0.25,0.0,1018.3,3.96,128.0,,clear-day,Clear,2010,09
5970,2010-09-06T18,88.23,48.5,9.89,0.26,0.0,1018.38,3.2,119.0,,clear-day,Dry,2010,09
5971,2010-09-06T19,86.61,50.12,9.89,0.29,0.0,1018.67,5.65,193.0,,clear-day,Dry,2010,09
5972,2010-09-06T20,83.33,61.09,10.0,0.47,0.24,1019.51,5.43,146.0,,clear-night,Clear,2010,09
5973,2010-09-06T21,78.34,54.15,9.89,0.43,0.0,1019.41,4.48,130.0,,clear-night,Clear,2010,09
5974,2010-09-06T22,77.25,54.67,9.89,0.46,0.0,1020.06,2.46,118.0,,clear-night,Clear,2010,09
5975,2010-09-06T23,75.09,54.12,9.89,0.48,0.0,1020.63,2.55,108.0,,clear-night,Clear,2010,09
5976,2010-09-07T00,73.18,54.32,10.0,0.52,0.0,1020.67,3.0,80.0,,clear-night,Clear,2010,09
5977,2010-09-07T01,70.83,54.64,10.0,0.57,0.0,1021.23,4.85,78.0,,clear-night,Clear,2010,09
5978,2010-09-07T02,69.31,54.34,10.0,0.59,0.0,1020.96,5.58,90.0,,clear-night,Clear,2010,09
5979,2010-09-07T03,69.21,55.03,10.0,0.61,0.0,1020.85,4.64,80.0,,clear-night,Clear,2010,09
5980,2010-09-07T04,69.36,55.22,10.0,0.61,0.0,1020.87,2.92,79.0,,clear-night,Clear,2010,09
5981,2010-09-07T05,67.4,55.75,10.0,0.66,0.0,1021.03,4.6,88.0,,clear-night,Clear,2010,09
5982,2010-09-07T06,67.16,56.37,9.95,0.68,0.0,1021.3,4.89,81.0,,clear-night,Clear,2010,09
5983,2010-09-07T07,66.85,58.22,9.79,0.74,0.03,1022.04,2.47,83.0,,clear-night,Clear,2010,09
5984,2010-09-07T08,67.44,60.67,8.87,0.79,0.28,1022.55,5.48,89.0,,partly-cloudy-day,Partly Cloudy,2010,09
5985,2010-09-07T09,73.25,64.84,8.21,0.75,0.33,1022.79,0.46,94.0,,partly-cloudy-day,Partly Cloudy,2010,09
5986,2010-09-07T10,75.81,67.23,8.08,0.75,0.29,1022.92,3.45,81.0,,partly-cloudy-day,Partly Cloudy,2010,09
5987,2010-09-07T11,80.65,68.8,9.52,0.67,0.03,1022.84,3.01,145.0,,clear-day,Clear,2010,09
5988,2010-09-07T12,84.26,67.32,9.59,0.57,0.21,1022.81,5.69,116.0,,clear-day,Clear,2010,09
5989,2010-09-07T13,87.03,65.84,9.71,0.5,0.25,1022.39,7.0,122.0,,partly-cloudy-day,Partly Cloudy,2010,09
5990,2010-09-07T14,87.68,62.9,9.89,0.44,0.31,1021.95,6.92,137.0,,partly-cloudy-day,Partly Cloudy,2010,09
5991,2010-09-07T15,87.78,60.12,9.89,0.4,0.31,1021.46,4.63,146.0,,partly-cloudy-day,Partly Cloudy,2010,09
5992,2010-09-07T16,90.12,60.54,9.94,0.37,0.27,1020.76,7.16,164.0,,partly-cloudy-day,Partly Cloudy,2010,09
5993,2010-09-07T17,89.43,59.76,10.0,0.37,0.26,1020.16,4.69,111.0,,partly-cloudy-day,Partly Cloudy,2010,09
5994,2010-09-07T18,89.11,58.36,10.0,0.36,0.23,1019.87,5.9,161.0,,clear-day,Clear,2010,09
5995,2010-09-07T19,87.64,60.55,10.0,0.4,0.22,1019.68,6.74,154.0,,clear-day,Clear,2010,09
5996,2010-09-07T20,83.26,65.94,10.0,0.56,0.25,1015.49,5.71,330.0,,partly-cloudy-night,Partly Cloudy,2010,09
5997,2010-09-07T21,80.52,62.88,9.93,0.55,0.22,1020.1,4.84,159.0,,clear-night,Clear,2010,09
5998,2010-09-07T22,78.75,63.26,9.86,0.59,0.24,1020.5,4.49,160.0,,clear-night,Clear,2010,09
5999,2010-09-07T23,76.08,61.86,9.79,0.61,0.22,1020.54,4.66,169.0,,clear-night,Clear,2010,09
6000,2010-09-08T00,76.15,61.23,9.72,0.6,0.21,1020.51,0.0,,,clear-night,Clear,2010,09
6001,2010-09-08T01,74.58,61.2,9.67,0.63,0.21,1020.41,0.0,,,clear-night,Clear,2010,09
6002,2010-09-08T02,72.8,62.39,9.53,0.7,0.21,1019.92,3.0,300.0,,clear-night,Clear,2010,09
6003,2010-09-08T03,71.34,62.15,9.34,0.73,0.21,1019.49,,,,clear-night,Clear,2010,09
6004,2010-09-08T04,71.73,62.33,8.54,0.72,0.5,1019.01,3.0,140.0,,partly-cloudy-night,Partly Cloudy,2010,09
6005,2010-09-08T05,69.74,63.25,9.42,0.8,0.23,1018.81,4.94,201.0,,clear-night,Clear,2010,09
6006,2010-09-08T06,69.55,63.27,9.13,0.8,0.24,1018.81,3.0,220.0,,clear-night,Clear,2010,09
6007,2010-09-08T07,68.74,63.26,8.96,0.83,0.23,1018.82,2.99,201.0,,clear-night,Clear,2010,09
6008,2010-09-08T08,69.14,63.52,8.66,0.82,0.52,1019.21,3.04,221.0,,partly-cloudy-day,Partly Cloudy,2010,09
6009,2010-09-08T09,72.05,64.75,9.33,0.78,0.51,1019.61,3.09,221.0,,partly-cloudy-day,Partly Cloudy,2010,09
6010,2010-09-08T10,78.28,66.75,9.66,0.68,0.25,1019.53,8.71,223.0,,partly-cloudy-day,Partly Cloudy,2010,09
6011,2010-09-08T11,83.65,68.65,9.89,0.61,0.24,1019.69,7.18,256.0,,clear-day,Clear,2010,09
6012,2010-09-08T12,86.13,67.58,9.89,0.54,0.52,1019.39,5.47,264.0,,partly-cloudy-day,Partly Cloudy,2010,09
6013,2010-09-08T13,88.22,66.22,9.89,0.48,0.29,1018.86,6.35,287.0,,partly-cloudy-day,Partly Cloudy,2010,09
6014,2010-09-08T14,90.03,65.81,9.89,0.45,0.59,1018.08,7.62,303.0,,partly-cloudy-day,Partly Cloudy,2010,09
6015,2010-09-08T15,88.0,66.92,9.89,0.5,0.61,1017.44,5.09,313.0,,partly-cloudy-day,Mostly Cloudy,2010,09
6016,2010-09-08T16,90.89,64.73,9.89,0.42,0.58,1016.14,7.31,319.0,,partly-cloudy-day,Partly Cloudy,2010,09
6017,2010-09-08T17,88.15,65.32,9.83,0.47,0.62,1015.72,6.77,243.0,,partly-cloudy-day,Mostly Cloudy,2010,09
6018,2010-09-08T18,86.75,67.0,9.89,0.52,0.61,1015.53,4.25,295.0,,partly-cloudy-day,Mostly Cloudy,2010,09
6019,2010-09-08T19,86.34,66.36,9.83,0.52,0.27,1015.41,10.08,7.0,,partly-cloudy-day,Partly Cloudy,2010,09
6020,2010-09-08T20,81.1,55.48,10.0,0.42,0.56,1013.0,5.52,328.0,,partly-cloudy-night,Partly Cloudy,2010,09
6021,2010-09-08T21,80.54,66.59,9.9,0.63,0.23,1015.57,4.89,310.0,,clear-night,Clear,2010,09
6022,2010-09-08T22,79.44,66.87,9.76,0.66,0.25,1015.92,3.13,329.0,,partly-cloudy-night,Partly Cloudy,2010,09
6023,2010-09-08T23,77.75,67.15,9.65,0.7,0.25,1016.1,4.77,329.0,,partly-cloudy-night,Partly Cloudy,2010,09
6024,2010-09-09T00,78.08,66.9,9.55,0.69,0.22,1016.11,3.0,270.0,,clear-night,Clear,2010,09
6025,2010-09-09T01,76.49,67.38,9.55,0.74,0.51,1015.9,4.82,308.0,,partly-cloudy-night,Partly Cloudy,2010,09
6026,2010-09-09T02,74.99,67.41,9.41,0.77,0.28,1015.68,4.95,310.0,,partly-cloudy-night,Partly Cloudy,2010,09
6027,2010-09-09T03,73.97,67.22,9.32,0.8,0.24,1015.17,4.95,320.0,,clear-night,Clear,2010,09
6028,2010-09-09T04,72.99,67.26,9.2,0.82,0.23,1014.7,4.89,320.0,,clear-night,Clear,2010,09
6029,2010-09-09T05,72.11,67.19,9.12,0.85,0.21,1014.6,2.9,284.0,,clear-night,Clear,2010,09
6030,2010-09-09T06,72.07,67.18,9.19,0.85,0.21,1014.71,4.87,308.0,,clear-night,Clear,2010,09
6031,2010-09-09T07,71.19,66.81,9.1,0.86,0.52,1014.95,4.99,311.0,,partly-cloudy-night,Partly Cloudy,2010,09
6032,2010-09-09T08,72.19,67.17,9.08,0.84,0.52,1015.26,4.87,338.0,,partly-cloudy-day,Partly Cloudy,2010,09
6033,2010-09-09T09,76.16,68.24,9.46,0.77,0.24,1015.72,5.58,330.0,,clear-day,Clear,2010,09
6034,2010-09-09T10,80.68,68.86,9.72,0.67,0.52,1015.61,4.71,338.0,,partly-cloudy-day,Partly Cloudy,2010,09
6035,2010-09-09T11,84.01,67.74,9.89,0.58,0.25,1015.58,4.11,343.0,,partly-cloudy-day,Partly Cloudy,2010,09
6036,2010-09-09T12,86.21,66.4,9.89,0.52,0.25,1015.37,6.18,343.0,,partly-cloudy-day,Partly Cloudy,2010,09
6037,2010-09-09T13,88.9,62.84,10.0,0.42,0.52,1015.08,5.13,324.0,,partly-cloudy-day,Partly Cloudy,2010,09
6038,2010-09-09T14,89.11,63.87,9.97,0.43,0.53,1014.53,9.51,295.0,,partly-cloudy-day,Partly Cloudy,2010,09
6039,2010-09-09T15,89.31,62.52,10.0,0.41,0.52,1013.93,9.25,343.0,,partly-cloudy-day,Partly Cloudy,2010,09
6040,2010-09-09T16,86.86,62.14,10.0,0.44,0.53,1013.23,9.15,329.0,,partly-cloudy-day,Partly Cloudy,2010,09
6041,2010-09-09T17,86.62,60.02,10.0,0.41,0.53,1012.86,11.39,330.0,,partly-cloudy-day,Partly Cloudy,2010,09
6042,2010-09-09T18,85.06,57.14,10.0,0.39,0.53,1012.79,9.24,340.0,,partly-cloudy-day,Partly Cloudy,2010,09
6043,2010-09-09T19,83.16,55.92,10.0,0.39,0.55,1012.79,7.14,324.0,,partly-cloudy-day,Partly Cloudy,2010,09
6044,2010-09-09T20,85.54,62.94,10.0,0.47,0.22,1011.7,2.61,206.0,,clear-night,Clear,2010,09
6045,2010-09-09T21,79.2,53.26,10.0,0.41,0.54,1013.02,6.47,330.0,,partly-cloudy-night,Partly Cloudy,2010,09
6046,2010-09-09T22,77.94,51.8,10.0,0.4,0.53,1013.39,6.81,340.0,,partly-cloudy-night,Partly Cloudy,2010,09
6047,2010-09-09T23,76.57,54.25,10.0,0.46,0.53,1013.22,4.86,320.0,,partly-cloudy-night,Partly Cloudy,2010,09
6048,2010-09-10T00,74.23,56.47,10.0,0.54,0.54,1013.11,3.0,0.0,,partly-cloudy-night,Partly Cloudy,2010,09
6049,2010-09-10T01,75.56,56.44,10.0,0.52,0.54,1012.9,2.91,329.0,,partly-cloudy-night,Partly Cloudy,2010,09
6050,2010-09-10T02,73.49,56.69,10.0,0.56,0.22,1012.6,4.74,320.0,,clear-night,Clear,2010,09
6051,2010-09-10T03,72.4,59.17,10.0,0.63,0.52,1012.53,5.91,330.0,,partly-cloudy-night,Partly Cloudy,2010,09
6052,2010-09-10T04,70.86,59.84,10.0,0.68,0.52,1012.54,4.73,319.0,,partly-cloudy-night,Partly Cloudy,2010,09
6053,2010-09-10T05,70.5,59.36,10.0,0.68,0.24,1012.47,5.79,320.0,,clear-night,Clear,2010,09
6054,2010-09-10T06,70.46,58.61,9.78,0.66,0.54,1012.74,4.81,331.0,,partly-cloudy-night,Partly Cloudy,2010,09
6055,2010-09-10T07,69.68,58.45,9.74,0.68,0.3,1013.14,2.9,20.0,,partly-cloudy-night,Partly Cloudy,2010,09
6056,2010-09-10T08,71.14,58.22,9.56,0.64,0.53,1013.92,4.92,79.0,,partly-cloudy-day,Partly Cloudy,2010,09
6057,2010-09-10T09,75.47,57.62,9.89,0.54,0.23,1014.28,5.49,76.0,,clear-day,Clear,2010,09
6058,2010-09-10T10,79.13,57.96,9.85,0.48,0.25,1014.64,7.03,90.0,,partly-cloudy-day,Partly Cloudy,2010,09
6059,2010-09-10T11,82.71,56.22,10.0,0.4,0.5,1014.92,6.07,97.0,,partly-cloudy-day,Partly Cloudy,2010,09
6060,2010-09-10T12,85.11,51.71,10.0,0.32,0.22,1014.82,4.91,83.0,,clear-day,Clear,2010,09
6061,2010-09-10T13,89.25,52.54,10.0,0.29,0.22,1014.02,3.32,318.0,,clear-day,Dry,2010,09
6062,2010-09-10T14,90.6,59.11,10.0,0.35,0.22,1013.47,5.18,311.0,,clear-day,Clear,2010,09
6063,2010-09-10T15,91.29,58.52,10.0,0.33,0.23,1012.79,5.27,225.0,,clear-day,Clear,2010,09
6064,2010-09-10T16,92.08,58.64,10.0,0.33,0.26,1012.06,2.27,278.0,,partly-cloudy-day,Partly Cloudy,2010,09
6065,2010-09-10T17,93.41,58.76,10.0,0.32,0.3,1011.67,6.85,278.0,,partly-cloudy-day,Partly Cloudy,2010,09
6066,2010-09-10T18,92.56,59.15,10.0,0.33,0.27,1011.35,1.82,250.0,,partly-cloudy-day,Partly Cloudy,2010,09
6067,2010-09-10T19,90.33,61.16,10.0,0.38,0.26,1011.37,4.46,209.0,,partly-cloudy-day,Partly Cloudy,2010,09
6068,2010-09-10T20,79.14,71.96,9.1,0.79,0.67,1011.87,9.99,294.0,rain,rain,Light Rain,2010,09
6069,2010-09-10T21,83.45,63.76,10.0,0.52,0.24,1012.04,2.94,95.0,,clear-night,Clear,2010,09
6070,2010-09-10T22,80.25,64.17,9.97,0.58,0.05,1012.57,5.78,91.0,,clear-night,Clear,2010,09
6071,2010-09-10T23,80.29,62.63,9.87,0.55,0.27,1012.47,4.89,139.0,,partly-cloudy-night,Partly Cloudy,2010,09
6072,2010-09-11T00,78.67,63.54,9.83,0.6,0.64,1012.48,4.66,160.0,,partly-cloudy-night,Mostly Cloudy,2010,09
6073,2010-09-11T01,77.66,64.22,9.89,0.63,0.28,1012.33,2.34,165.0,,partly-cloudy-night,Partly Cloudy,2010,09
6074,2010-09-11T02,76.54,64.41,9.79,0.66,0.34,1012.12,5.0,120.0,,partly-cloudy-night,Partly Cloudy,2010,09
6075,2010-09-11T03,76.31,64.56,9.83,0.67,0.62,1012.01,1.71,63.0,,partly-cloudy-night,Mostly Cloudy,2010,09
6076,2010-09-11T04,76.01,64.55,9.78,0.68,0.3,1011.9,1.36,80.0,,partly-cloudy-night,Partly Cloudy,2010,09
6077,2010-09-11T05,75.23,64.57,9.72,0.7,0.27,1011.84,2.97,25.0,,partly-cloudy-night,Partly Cloudy,2010,09
6078,2010-09-11T06,74.4,65.3,9.68,0.73,0.27,1012.41,2.77,282.0,,partly-cloudy-night,Partly Cloudy,2010,09
6079,2010-09-11T07,74.41,64.36,9.67,0.71,0.31,1012.79,0.0,,,partly-cloudy-night,Partly Cloudy,2010,09
6080,2010-09-11T08,75.17,64.66,9.56,0.7,0.29,1013.24,5.0,80.0,,partly-cloudy-day,Partly Cloudy,2010,09
6081,2010-09-11T09,78.41,65.52,9.67,0.65,0.56,1013.66,5.23,281.0,,partly-cloudy-day,Partly Cloudy,2010,09
6082,2010-09-11T10,81.3,66.27,9.77,0.6,0.56,1013.82,2.78,254.0,,partly-cloudy-day,Partly Cloudy,2010,09
6083,2010-09-11T11,86.39,67.7,9.83,0.54,0.25,1013.89,8.29,271.0,,partly-cloudy-day,Partly Cloudy,2010,09
6084,2010-09-11T12,89.53,68.52,10.0,0.5,0.33,1013.87,9.47,272.0,,partly-cloudy-day,Partly Cloudy,2010,09
6085,2010-09-11T13,91.25,68.25,9.79,0.47,0.6,1013.28,8.44,254.0,,partly-cloudy-day,Mostly Cloudy,2010,09
6086,2010-09-11T14,92.39,67.8,9.94,0.45,0.59,1012.66,8.47,266.0,,partly-cloudy-day,Partly Cloudy,2010,09
6087,2010-09-11T15,93.77,67.66,9.94,0.43,0.59,1011.84,9.82,262.0,,partly-cloudy-day,Partly Cloudy,2010,09
6088,2010-09-11T16,93.81,67.99,9.7,0.43,0.61,1010.98,9.71,224.0,,partly-cloudy-day,Mostly Cloudy,2010,09
6089,2010-09-11T17,90.51,68.07,9.75,0.48,0.62,1010.77,5.99,209.0,,partly-cloudy-day,Mostly Cloudy,2010,09
6090,2010-09-11T18,88.16,70.57,9.73,0.56,0.6,1010.77,6.37,275.0,,partly-cloudy-day,Mostly Cloudy,2010,09
6091,2010-09-11T19,80.96,71.84,9.75,0.74,0.61,1011.66,7.7,78.0,,partly-cloudy-day,Mostly Cloudy,2010,09
6092,2010-09-11T20,80.65,54.62,10.0,0.41,0.0,1015.82,11.58,16.0,,clear-night,Clear,2010,09
6093,2010-09-11T21,78.4,71.35,9.6,0.79,0.86,1013.22,4.73,342.0,rain,rain,Rain,2010,09
6094,2010-09-11T22,75.56,71.82,9.47,0.88,0.64,1013.85,5.29,96.0,rain,partly-cloudy-night,Mostly Cloudy,2010,09
6095,2010-09-11T23,75.41,72.39,9.42,0.9,0.67,1014.19,2.72,324.0,rain,partly-cloudy-night,Mostly Cloudy,2010,09
6096,2010-09-12T00,75.29,72.0,9.28,0.9,0.72,1014.32,3.27,33.0,rain,partly-cloudy-night,Mostly Cloudy,2010,09
6097,2010-09-12T01,74.51,71.63,9.32,0.91,0.72,1014.57,5.05,125.0,rain,partly-cloudy-night,Mostly Cloudy,2010,09
6098,2010-09-12T02,73.54,71.63,8.24,0.94,0.89,1014.08,6.83,81.0,,partly-cloudy-night,Mostly Cloudy,2010,09
6099,2010-09-12T03,72.76,70.88,8.66,0.94,0.89,1013.8,2.64,89.0,,partly-cloudy-night,Mostly Cloudy,2010,09
6100,2010-09-12T04,72.63,69.98,8.25,0.91,0.61,1013.74,4.14,323.0,,partly-cloudy-night,Mostly Cloudy,2010,09
6101,2010-09-12T05,72.49,71.53,8.24,0.97,0.75,1014.05,3.8,340.0,,partly-cloudy-night,Mostly Cloudy,2010,09
6102,2010-09-12T06,73.12,69.72,8.65,0.89,0.66,1014.34,5.52,330.0,,partly-cloudy-night,Mostly Cloudy,2010,09
6103,2010-09-12T07,72.22,69.57,5.81,0.91,0.88,1014.89,5.99,327.0,,partly-cloudy-night,Mostly Cloudy,2010,09
6104,2010-09-12T08,71.84,69.95,8.4,0.94,0.46,1015.53,6.21,336.0,,partly-cloudy-day,Partly Cloudy,2010,09
6105,2010-09-12T09,72.94,69.14,8.86,0.88,0.69,1015.87,7.91,323.0,rain,partly-cloudy-day,Mostly Cloudy,2010,09
6106,2010-09-12T10,75.22,68.59,9.56,0.8,0.33,1016.32,8.16,324.0,,partly-cloudy-day,Partly Cloudy,2010,09
6107,2010-09-12T11,78.78,68.84,9.89,0.72,0.29,1016.63,7.76,325.0,,partly-cloudy-day,Partly Cloudy,2010,09
6108,2010-09-12T12,81.85,66.56,9.89,0.6,0.28,1016.63,12.52,352.0,,partly-cloudy-day,Partly Cloudy,2010,09
6109,2010-09-12T13,84.0,66.02,9.89,0.55,0.25,1016.38,11.74,344.0,,partly-cloudy-day,Partly Cloudy,2010,09
6110,2010-09-12T14,86.53,64.49,10.0,0.48,0.22,1016.0,12.97,337.0,,clear-day,Clear,2010,09
6111,2010-09-12T15,86.99,60.79,10.0,0.42,0.22,1015.31,16.56,340.0,,clear-day,Clear,2010,09
6112,2010-09-12T16,87.71,54.64,10.0,0.33,0.01,1014.74,13.4,345.0,,clear-day,Clear,2010,09
6113,2010-09-12T17,86.94,55.56,10.0,0.35,0.0,1014.53,13.2,1.0,,clear-day,Clear,2010,09
6114,2010-09-12T18,85.84,53.95,10.0,0.34,0.0,1014.81,11.77,342.0,,clear-day,Clear,2010,09
6115,2010-09-12T19,84.12,54.82,10.0,0.37,0.0,1015.24,11.02,342.0,,clear-day,Clear,2010,09
6116,2010-09-12T20,77.43,54.2,10.0,0.45,0.22,1017.52,7.35,91.0,,clear-night,Clear,2010,09
6117,2010-09-12T21,77.78,54.51,10.0,0.45,0.0,1016.35,11.3,16.0,,clear-night,Clear,2010,09
6118,2010-09-12T22,75.64,54.65,10.0,0.48,0.0,1016.68,10.28,0.0,,clear-night,Clear,2010,09
6119,2010-09-12T23,72.75,54.4,10.0,0.53,0.0,1016.77,8.1,17.0,,clear-night,Clear,2010,09
6120,2010-09-13T00,71.01,54.4,10.0,0.56,0.0,1016.87,11.32,9.0,,clear-night,Clear,2010,09
6121,2010-09-13T01,69.16,54.09,10.0,0.59,0.0,1016.6,8.16,350.0,,clear-night,Clear,2010,09
6122,2010-09-13T02,66.6,54.13,10.0,0.64,0.0,1016.59,7.59,341.0,,clear-night,Clear,2010,09
6123,2010-09-13T03,64.93,53.98,10.0,0.68,0.0,1016.84,5.82,342.0,,clear-night,Clear,2010,09
6124,2010-09-13T04,64.43,54.01,10.0,0.69,0.0,1016.57,6.66,351.0,,clear-night,Clear,2010,09
6125,2010-09-13T05,64.73,54.05,10.0,0.68,0.0,1016.58,6.66,12.0,,clear-night,Clear,2010,09
6126,2010-09-13T06,63.77,54.01,10.0,0.71,0.0,1017.09,5.9,12.0,,clear-night,Clear,2010,09
6127,2010-09-13T07,64.04,54.65,10.0,0.72,0.0,1017.7,5.84,21.0,,clear-night,Clear,2010,09
6128,2010-09-13T08,64.61,54.72,9.89,0.7,0.2,1018.42,9.25,41.0,,clear-day,Clear,2010,09
6129,2010-09-13T09,68.19,54.96,9.89,0.63,0.21,1019.0,10.2,69.0,,clear-day,Clear,2010,09
6130,2010-09-13T10,73.23,55.1,9.89,0.53,0.22,1019.49,12.01,87.0,,clear-day,Clear,2010,09
6131,2010-09-13T11,76.77,53.78,10.0,0.45,0.22,1019.96,12.86,88.0,,clear-day,Clear,2010,09
6132,2010-09-13T12,80.39,53.52,10.0,0.4,0.22,1019.85,11.74,66.0,,clear-day,Clear,2010,09
6133,2010-09-13T13,81.83,54.4,10.0,0.39,0.22,1019.36,9.27,94.0,,clear-day,Clear,2010,09
6134,2010-09-13T14,83.15,54.97,10.0,0.38,0.22,1019.03,4.68,122.0,,clear-day,Clear,2010,09
6135,2010-09-13T15,84.87,54.74,10.0,0.36,0.22,1018.5,7.34,66.0,,clear-day,Clear,2010,09
6136,2010-09-13T16,85.59,54.3,10.0,0.34,0.22,1017.72,6.36,56.0,,clear-day,Clear,2010,09
6137,2010-09-13T17,85.61,54.27,10.0,0.34,0.22,1017.24,9.21,69.0,,clear-day,Clear,2010,09
6138,2010-09-13T18,84.59,53.9,10.0,0.35,0.22,1017.23,8.79,76.0,,clear-day,Clear,2010,09
6139,2010-09-13T19,82.49,52.57,10.0,0.36,0.22,1017.24,5.26,70.0,,clear-day,Clear,2010,09
6140,2010-09-13T20,80.75,55.34,10.0,0.42,0.5,1016.92,2.79,144.0,,partly-cloudy-night,Partly Cloudy,2010,09
6141,2010-09-13T21,73.18,52.19,10.0,0.48,0.21,1017.92,5.96,99.0,,clear-night,Clear,2010,09
6142,2010-09-13T22,71.4,52.77,9.93,0.52,0.2,1018.17,5.0,20.0,,clear-night,Clear,2010,09
6143,2010-09-13T23,70.13,53.53,9.93,0.56,0.2,1018.35,5.0,30.0,,clear-night,Clear,2010,09
6144,2010-09-14T00,69.05,53.5,9.84,0.58,0.21,1018.29,3.4,6.0,,clear-night,Clear,2010,09
6145,2010-09-14T01,67.79,53.35,9.8,0.6,0.21,1018.18,2.9,87.0,,clear-night,Clear,2010,09
6146,2010-09-14T02,66.86,53.78,9.75,0.63,0.0,1018.19,2.9,59.0,,clear-night,Clear,2010,09
6147,2010-09-14T03,66.4,52.25,9.74,0.6,0.0,1018.13,2.88,69.0,,clear-night,Clear,2010,09
6148,2010-09-14T04,64.12,52.96,9.75,0.67,0.0,1018.29,3.0,330.0,,clear-night,Clear,2010,09
6149,2010-09-14T05,62.64,53.52,9.69,0.72,0.0,1018.55,0.0,,,clear-night,Clear,2010,09
6150,2010-09-14T06,61.11,53.14,9.67,0.75,0.0,1018.71,0.58,310.0,,clear-night,Clear,2010,09
6151,2010-09-14T07,60.66,53.02,9.77,0.76,0.22,1019.45,0.0,,,clear-night,Clear,2010,09
6152,2010-09-14T08,62.01,53.56,9.47,0.74,0.22,1019.99,1.42,240.0,rain,clear-day,Clear,2010,09
6153,2010-09-14T09,69.01,56.19,9.69,0.64,0.22,1019.88,2.99,301.0,,clear-day,Clear,2010,09
6154,2010-09-14T10,76.29,54.2,9.89,0.46,0.22,1020.0,3.26,243.0,,clear-day,Clear,2010,09
6155,2010-09-14T11,80.41,53.93,10.0,0.4,0.22,1020.15,2.58,247.0,,clear-day,Clear,2010,09
6156,2010-09-14T12,83.45,54.46,10.0,0.37,0.23,1019.63,2.62,241.0,,clear-day,Clear,2010,09
6157,2010-09-14T13,85.72,52.39,10.0,0.32,0.22,1019.03,2.72,210.0,,clear-day,Clear,2010,09
6158,2010-09-14T14,87.63,51.94,9.89,0.3,0.22,1018.44,1.94,304.0,,clear-day,Clear,2010,09
6159,2010-09-14T15,88.76,51.25,9.89,0.28,0.22,1017.56,3.34,248.0,,clear-day,Clear,2010,09
6160,2010-09-14T16,88.99,49.42,10.0,0.26,0.22,1016.95,0.44,162.0,,clear-day,Clear,2010,09
6161,2010-09-14T17,89.06,48.71,10.0,0.25,0.23,1016.53,4.15,100.0,,clear-day,Clear,2010,09
6162,2010-09-14T18,87.95,47.23,10.0,0.25,0.22,1016.41,3.37,121.0,,clear-day,Clear,2010,09
6163,2010-09-14T19,86.57,47.79,10.0,0.26,0.22,1016.61,3.01,132.0,,clear-day,Dry,2010,09
6164,2010-09-14T20,81.82,56.08,10.0,0.41,0.21,1017.78,5.51,162.0,,clear-night,Clear,2010,09
6165,2010-09-14T21,78.02,53.67,10.0,0.43,0.51,1017.61,4.86,158.0,,partly-cloudy-night,Partly Cloudy,2010,09
6166,2010-09-14T22,75.98,53.79,10.0,0.46,0.22,1018.16,4.74,139.0,,clear-night,Clear,2010,09
6167,2010-09-14T23,73.81,55.49,10.0,0.53,0.49,1018.54,2.47,220.0,,partly-cloudy-night,Partly Cloudy,2010,09
6168,2010-09-15T00,72.05,56.5,9.92,0.58,0.5,1018.68,2.96,189.0,,partly-cloudy-night,Partly Cloudy,2010,09
6169,2010-09-15T01,70.94,56.47,9.89,0.6,0.5,1018.63,4.78,170.0,,partly-cloudy-night,Partly Cloudy,2010,09
6170,2010-09-15T02,70.03,56.03,9.85,0.61,0.21,1018.43,5.0,170.0,,clear-night,Clear,2010,09
6171,2010-09-15T03,67.65,56.62,9.85,0.68,0.21,1018.38,5.56,201.0,,clear-night,Clear,2010,09
6172,2010-09-15T04,67.91,56.15,9.79,0.66,0.21,1018.17,3.0,350.0,,clear-night,Clear,2010,09
6173,2010-09-15T05,66.62,56.34,9.8,0.7,0.25,1018.26,2.93,200.0,,partly-cloudy-night,Partly Cloudy,2010,09
6174,2010-09-15T06,65.9,57.56,9.78,0.74,0.24,1018.77,6.0,230.0,,clear-night,Clear,2010,09
6175,2010-09-15T07,65.53,57.59,9.69,0.76,0.23,1019.4,1.29,40.0,,clear-night,Clear,2010,09
6176,2010-09-15T08,66.06,58.3,9.43,0.76,0.22,1020.1,3.0,60.0,,clear-day,Clear,2010,09
6177,2010-09-15T09,72.16,59.94,9.68,0.65,0.22,1020.27,2.38,50.0,,clear-day,Clear,2010,09
6178,2010-09-15T10,78.72,59.84,9.89,0.52,0.23,1020.47,1.4,93.0,,clear-day,Clear,2010,09
6179,2010-09-15T11,82.32,58.89,9.89,0.45,0.22,1020.65,2.79,267.0,,clear-day,Clear,2010,09
6180,2010-09-15T12,86.38,57.18,9.89,0.37,0.22,1020.52,2.75,102.0,,clear-day,Clear,2010,09
6181,2010-09-15T13,87.95,53.57,9.89,0.31,0.23,1020.01,4.59,113.0,,clear-day,Clear,2010,09
6182,2010-09-15T14,88.39,50.65,9.89,0.28,0.26,1019.48,7.72,148.0,,partly-cloudy-day,Partly Cloudy,2010,09
6183,2010-09-15T15,87.92,51.06,9.89,0.28,0.3,1018.57,5.39,143.0,,partly-cloudy-day,Partly Cloudy,2010,09
6184,2010-09-15T16,89.84,51.88,10.0,0.28,0.28,1018.06,5.43,161.0,,partly-cloudy-day,Partly Cloudy,2010,09
6185,2010-09-15T17,89.61,52.49,10.0,0.28,0.25,1017.75,6.43,147.0,,partly-cloudy-day,Partly Cloudy,2010,09
6186,2010-09-15T18,88.09,52.39,10.0,0.3,0.23,1017.55,8.55,183.0,,clear-day,Clear,2010,09
6187,2010-09-15T19,85.56,52.04,10.0,0.32,0.24,1017.66,7.22,160.0,,clear-day,Clear,2010,09
6188,2010-09-15T20,81.9,59.02,10.0,0.46,0.29,1015.45,6.3,168.0,,partly-cloudy-night,Partly Cloudy,2010,09
6189,2010-09-15T21,78.11,57.62,10.0,0.49,0.21,1018.21,5.7,169.0,,clear-night,Clear,2010,09
6190,2010-09-15T22,76.74,59.0,9.97,0.54,0.2,1018.14,4.91,150.0,,clear-night,Clear,2010,09
6191,2010-09-15T23,75.32,58.82,9.93,0.57,0.2,1018.31,5.74,150.0,,clear-night,Clear,2010,09
6192,2010-09-16T00,73.64,58.5,9.72,0.59,0.22,1018.14,7.69,150.0,,clear-night,Clear,2010,09
6193,2010-09-16T01,72.65,57.82,9.86,0.6,0.21,1018.18,7.23,179.0,,clear-night,Clear,2010,09
6194,2010-09-16T02,71.15,58.1,9.63,0.63,0.21,1018.08,7.42,170.0,,clear-night,Clear,2010,09
6195,2010-09-16T03,69.74,57.85,9.68,0.66,0.25,1018.38,6.35,199.0,,partly-cloudy-night,Partly Cloudy,2010,09
6196,2010-09-16T04,68.05,58.07,9.61,0.7,0.24,1018.31,5.96,191.0,,clear-night,Clear,2010,09
6197,2010-09-16T05,66.9,58.45,9.61,0.74,0.0,1018.54,4.91,210.0,,clear-night,Clear,2010,09
6198,2010-09-16T06,65.79,59.13,9.49,0.79,0.01,1019.02,3.03,201.0,,clear-night,Clear,2010,09
6199,2010-09-16T07,65.54,59.02,9.51,0.79,0.22,1019.59,3.36,187.0,,clear-night,Clear,2010,09
6200,2010-09-16T08,65.52,59.95,9.29,0.82,0.26,1019.64,2.97,211.0,,partly-cloudy-day,Partly Cloudy,2010,09
6201,2010-09-16T09,70.59,61.36,9.8,0.73,0.24,1019.69,6.19,200.0,,clear-day,Clear,2010,09
6202,2010-09-16T10,75.64,62.84,9.89,0.65,0.5,1019.62,9.37,210.0,,partly-cloudy-day,Partly Cloudy,2010,09
6203,2010-09-16T11,78.35,62.91,9.89,0.59,0.22,1019.6,6.34,200.0,,clear-day,Clear,2010,09
6204,2010-09-16T12,82.19,62.32,9.89,0.51,0.22,1019.06,5.28,206.0,,clear-day,Clear,2010,09
6205,2010-09-16T13,84.66,59.74,9.89,0.43,0.25,1018.27,6.48,232.0,,partly-cloudy-day,Partly Cloudy,2010,09
6206,2010-09-16T14,86.33,58.39,9.89,0.39,0.26,1017.52,6.56,223.0,,partly-cloudy-day,Partly Cloudy,2010,09
6207,2010-09-16T15,86.65,57.23,9.89,0.37,0.27,1016.51,4.7,185.0,,partly-cloudy-day,Partly Cloudy,2010,09
6208,2010-09-16T16,87.89,57.85,9.89,0.36,0.31,1015.65,6.1,215.0,rain,partly-cloudy-day,Partly Cloudy,2010,09
6209,2010-09-16T17,87.09,57.43,9.89,0.37,0.35,1015.41,5.67,152.0,,partly-cloudy-day,Partly Cloudy,2010,09
6210,2010-09-16T18,86.82,58.82,9.89,0.39,0.57,1015.16,6.84,173.0,,partly-cloudy-day,Partly Cloudy,2010,09
6211,2010-09-16T19,84.53,58.62,10.0,0.42,0.32,1015.33,6.83,178.0,,partly-cloudy-day,Partly Cloudy,2010,09
6212,2010-09-16T20,83.18,65.08,9.73,0.55,0.64,1015.3,3.72,15.0,,partly-cloudy-night,Mostly Cloudy,2010,09
6213,2010-09-16T21,79.0,58.94,10.0,0.5,0.31,1015.94,6.46,171.0,,partly-cloudy-night,Partly Cloudy,2010,09
6214,2010-09-16T22,77.15,58.42,10.0,0.53,0.28,1015.98,6.03,184.0,,partly-cloudy-night,Partly Cloudy,2010,09
6215,2010-09-16T23,75.5,59.3,10.0,0.57,0.29,1016.34,5.5,199.0,,partly-cloudy-night,Partly Cloudy,2010,09
6216,2010-09-17T00,74.09,59.52,10.0,0.6,0.27,1016.2,8.15,199.0,,partly-cloudy-night,Partly Cloudy,2010,09
6217,2010-09-17T01,74.27,58.58,10.0,0.58,0.6,1016.06,8.36,209.0,,partly-cloudy-night,Mostly Cloudy,2010,09
6218,2010-09-17T02,72.51,58.31,9.92,0.61,0.3,1015.76,5.63,227.0,,partly-cloudy-night,Partly Cloudy,2010,09
6219,2010-09-17T03,73.14,58.95,9.9,0.61,0.81,1015.69,6.35,230.0,,partly-cloudy-night,Mostly Cloudy,2010,09
6220,2010-09-17T04,73.05,58.99,9.86,0.61,0.7,1015.41,4.71,228.0,rain,partly-cloudy-night,Mostly Cloudy,2010,09
6221,2010-09-17T05,72.57,59.21,9.83,0.63,0.62,1015.51,6.0,250.0,rain,partly-cloudy-night,Mostly Cloudy,2010,09
6222,2010-09-17T06,72.43,59.24,9.85,0.63,0.67,1015.82,2.93,250.0,,partly-cloudy-night,Mostly Cloudy,2010,09
6223,2010-09-17T07,69.79,60.39,9.87,0.72,0.31,1016.39,2.43,173.0,,partly-cloudy-night,Partly Cloudy,2010,09
6224,2010-09-17T08,69.16,60.27,9.71,0.73,0.27,1016.74,,,,partly-cloudy-day,Partly Cloudy,2010,09
6225,2010-09-17T09,73.72,60.84,9.83,0.64,0.51,1017.26,3.84,264.0,,partly-cloudy-day,Partly Cloudy,2010,09
6226,2010-09-17T10,78.8,59.76,9.89,0.52,0.23,1017.29,2.93,250.0,,clear-day,Clear,2010,09
6227,2010-09-17T11,82.46,61.47,9.89,0.49,0.5,1017.44,5.73,286.0,,partly-cloudy-day,Partly Cloudy,2010,09
6228,2010-09-17T12,86.16,62.42,10.0,0.45,0.23,1017.24,8.88,324.0,,clear-day,Clear,2010,09
6229,2010-09-17T13,89.04,63.17,9.89,0.42,0.23,1016.71,7.31,320.0,,clear-day,Clear,2010,09
6230,2010-09-17T14,90.79,63.44,9.89,0.4,0.34,1016.05,5.5,326.0,,partly-cloudy-day,Partly Cloudy,2010,09
6231,2010-09-17T15,92.21,63.14,9.79,0.38,0.34,1015.24,8.88,350.0,,partly-cloudy-day,Partly Cloudy,2010,09
6232,2010-09-17T16,91.22,62.24,9.9,0.38,0.29,1014.62,2.6,15.0,,partly-cloudy-day,Partly Cloudy,2010,09
6233,2010-09-17T17,91.51,62.66,9.83,0.39,0.36,1014.19,4.1,355.0,,partly-cloudy-day,Partly Cloudy,2010,09
6234,2010-09-17T18,90.25,63.86,9.76,0.42,0.58,1014.29,8.36,1.0,rain,partly-cloudy-day,Partly Cloudy,2010,09
6235,2010-09-17T19,88.58,63.55,9.73,0.44,0.66,1014.81,6.07,341.0,,partly-cloudy-day,Mostly Cloudy,2010,09
6236,2010-09-17T20,84.03,63.71,9.73,0.51,0.01,1017.45,7.48,77.0,,clear-night,Clear,2010,09
6237,2010-09-17T21,82.6,64.76,9.9,0.55,0.36,1015.8,3.0,40.0,,partly-cloudy-night,Partly Cloudy,2010,09
6238,2010-09-17T22,82.66,65.39,9.83,0.56,0.37,1016.33,7.35,44.0,,partly-cloudy-night,Partly Cloudy,2010,09
6239,2010-09-17T23,79.31,65.64,9.72,0.63,0.32,1016.79,2.76,159.0,rain,partly-cloudy-night,Partly Cloudy,2010,09
6240,2010-09-18T00,76.84,66.4,9.52,0.7,0.3,1017.0,3.0,25.0,,partly-cloudy-night,Partly Cloudy,2010,09
6241,2010-09-18T01,75.79,66.21,9.41,0.72,0.3,1016.97,3.55,2.0,,partly-cloudy-night,Partly Cloudy,2010,09
6242,2010-09-18T02,75.63,66.14,9.22,0.72,0.25,1016.7,1.63,20.0,,partly-cloudy-night,Partly Cloudy,2010,09
6243,2010-09-18T03,75.47,64.07,9.22,0.68,0.23,1016.46,8.37,40.0,,clear-night,Clear,2010,09
6244,2010-09-18T04,74.57,63.26,9.2,0.68,0.27,1016.33,6.85,59.0,,partly-cloudy-night,Partly Cloudy,2010,09
6245,2010-09-18T05,72.96,62.96,9.18,0.71,0.28,1016.55,4.83,99.0,,partly-cloudy-night,Partly Cloudy,2010,09
6246,2010-09-18T06,72.7,62.82,9.07,0.71,0.24,1017.05,7.46,50.0,,clear-night,Clear,2010,09
6247,2010-09-18T07,70.84,62.46,9.11,0.75,0.25,1017.58,6.87,59.0,,partly-cloudy-night,Partly Cloudy,2010,09
6248,2010-09-18T08,71.12,62.48,9.03,0.74,0.24,1018.26,8.69,69.0,,clear-day,Clear,2010,09
6249,2010-09-18T09,74.17,62.11,9.7,0.66,0.21,1018.86,12.37,69.0,,clear-day,Clear,2010,09
6250,2010-09-18T10,77.48,62.5,9.97,0.6,0.21,1019.08,11.32,62.0,,clear-day,Clear,2010,09
6251,2010-09-18T11,81.51,63.35,10.0,0.54,0.21,1019.08,7.69,76.0,,clear-day,Clear,2010,09
6252,2010-09-18T12,84.69,63.47,10.0,0.49,0.01,1018.85,6.76,61.0,,clear-day,Clear,2010,09
6253,2010-09-18T13,87.08,64.27,10.0,0.47,0.21,1018.54,5.2,76.0,,clear-day,Clear,2010,09
6254,2010-09-18T14,89.69,63.75,10.0,0.42,0.22,1018.11,4.99,75.0,,clear-day,Clear,2010,09
6255,2010-09-18T15,91.64,62.45,10.0,0.38,0.55,1017.24,6.05,102.0,,partly-cloudy-day,Partly Cloudy,2010,09
6256,2010-09-18T16,90.62,61.93,10.0,0.39,0.59,1016.99,6.69,79.0,,partly-cloudy-day,Partly Cloudy,2010,09
6257,2010-09-18T17,89.8,61.24,10.0,0.39,0.29,1016.9,5.2,101.0,,partly-cloudy-day,Partly Cloudy,2010,09
6258,2010-09-18T18,90.44,62.27,10.0,0.39,0.26,1017.02,8.89,69.0,,partly-cloudy-day,Partly Cloudy,2010,09
6259,2010-09-18T19,87.69,62.72,10.0,0.44,0.21,1017.31,10.65,79.0,,clear-day,Clear,2010,09
6260,2010-09-18T20,84.32,60.63,9.87,0.45,0.0,1016.82,0.0,,,clear-night,Clear,2010,09
6261,2010-09-18T21,81.78,64.07,9.87,0.55,0.04,1018.11,8.92,80.0,,clear-night,Clear,2010,09
6262,2010-09-18T22,80.63,63.96,9.76,0.57,0.01,1018.72,9.29,71.0,,clear-night,Clear,2010,09
6263,2010-09-18T23,79.32,63.85,9.77,0.59,0.02,1019.24,9.01,71.0,,clear-night,Clear,2010,09
6264,2010-09-19T00,76.93,63.81,9.68,0.64,0.24,1019.72,7.3,88.0,,clear-night,Clear,2010,09
6265,2010-09-19T01,75.09,64.31,9.68,0.69,0.22,1019.5,6.93,87.0,,clear-night,Clear,2010,09
6266,2010-09-19T02,74.37,64.44,9.61,0.71,0.21,1019.33,5.52,86.0,,clear-night,Clear,2010,09
6267,2010-09-19T03,73.27,64.31,9.45,0.74,0.01,1019.32,5.91,78.0,,clear-night,Clear,2010,09
6268,2010-09-19T04,72.83,64.28,9.27,0.75,0.0,1019.16,4.44,84.0,,clear-night,Clear,2010,09
6269,2010-09-19T05,71.34,64.24,7.99,0.78,0.03,1019.49,5.4,78.0,,clear-night,Clear,2010,09
6270,2010-09-19T06,71.87,64.04,9.2,0.76,0.04,1019.54,7.08,59.0,,clear-night,Clear,2010,09
6271,2010-09-19T07,70.89,63.96,9.12,0.79,0.04,1019.81,5.98,68.0,,clear-night,Clear,2010,09
6272,2010-09-19T08,69.77,63.9,8.09,0.82,0.0,1019.93,7.03,87.0,,clear-day,Clear,2010,09
6273,2010-09-19T09,73.23,64.84,8.77,0.75,0.0,1020.49,7.54,78.0,,clear-day,Clear,2010,09
6274,2010-09-19T10,76.57,65.79,9.01,0.69,0.0,1020.43,3.3,99.0,,clear-day,Clear,2010,09
6275,2010-09-19T11,81.16,67.04,9.61,0.62,0.0,1020.69,3.32,106.0,,clear-day,Clear,2010,09
6276,2010-09-19T12,84.3,67.1,9.61,0.56,0.01,1020.6,5.9,54.0,,clear-day,Clear,2010,09
6277,2010-09-19T13,86.66,66.45,9.6,0.51,0.28,1020.26,2.21,19.0,,partly-cloudy-day,Partly Cloudy,2010,09
6278,2010-09-19T14,89.49,63.05,9.72,0.42,0.57,1019.28,3.03,25.0,,partly-cloudy-day,Partly Cloudy,2010,09
6279,2010-09-19T15,90.76,60.54,9.94,0.37,0.29,1018.29,7.35,4.0,,partly-cloudy-day,Partly Cloudy,2010,09
6280,2010-09-19T16,90.94,58.44,10.0,0.34,0.24,1017.5,4.37,55.0,,clear-day,Clear,2010,09
6281,2010-09-19T17,91.05,58.15,10.0,0.33,0.24,1016.97,2.68,97.0,,clear-day,Clear,2010,09
6282,2010-09-19T18,90.6,57.73,10.0,0.33,0.2,1016.67,4.75,9.0,,clear-day,Clear,2010,09
6283,2010-09-19T19,88.21,58.91,10.0,0.37,0.0,1016.59,2.07,357.0,,clear-day,Clear,2010,09
6284,2010-09-19T20,85.87,58.25,9.93,0.39,0.01,1014.73,3.0,70.0,,clear-night,Clear,2010,09
6285,2010-09-19T21,80.18,61.09,9.8,0.52,0.0,1017.3,1.61,99.0,,clear-night,Clear,2010,09
6286,2010-09-19T22,78.9,62.37,9.65,0.57,0.0,1017.6,,,,clear-night,Clear,2010,09
6287,2010-09-19T23,76.78,62.86,9.53,0.62,0.0,1017.71,2.93,140.0,,clear-night,Clear,2010,09
6288,2010-09-20T00,74.49,62.67,9.41,0.67,0.0,1017.7,4.91,201.0,,clear-night,Clear,2010,09
6289,2010-09-20T01,73.43,62.07,9.41,0.68,0.0,1017.52,2.89,201.0,,clear-night,Clear,2010,09
6290,2010-09-20T02,72.39,62.43,9.31,0.71,0.0,1017.15,2.93,230.0,,clear-night,Clear,2010,09
6291,2010-09-20T03,72.13,61.92,9.27,0.7,0.0,1016.75,2.9,251.0,,clear-night,Clear,2010,09
6292,2010-09-20T04,71.93,61.84,9.29,0.71,0.0,1016.35,2.96,281.0,,clear-night,Clear,2010,09
6293,2010-09-20T05,69.03,62.71,9.01,0.8,0.0,1016.26,6.83,310.0,,clear-night,Clear,2010,09
6294,2010-09-20T06,68.87,62.67,8.83,0.81,0.0,1016.27,7.78,310.0,,clear-night,Clear,2010,09
6295,2010-09-20T07,69.48,62.23,8.91,0.78,0.0,1016.58,6.59,320.0,,clear-night,Clear,2010,09
6296,2010-09-20T08,69.19,62.35,7.89,0.79,0.0,1016.91,6.76,321.0,,clear-day,Clear,2010,09
6297,2010-09-20T09,74.42,63.57,8.43,0.69,0.0,1017.35,2.93,330.0,,clear-day,Clear,2010,09
6298,2010-09-20T10,80.55,63.47,9.36,0.56,0.0,1017.45,8.44,309.0,,clear-day,Clear,2010,09
6299,2010-09-20T11,85.09,63.15,9.72,0.48,0.0,1017.7,7.21,306.0,,clear-day,Clear,2010,09
6300,2010-09-20T12,89.03,62.6,9.67,0.42,0.0,1017.58,5.4,291.0,,clear-day,Clear,2010,09
6301,2010-09-20T13,90.87,60.84,9.71,0.37,0.2,1017.17,6.19,310.0,,clear-day,Clear,2010,09
6302,2010-09-20T14,92.68,57.96,9.89,0.31,0.21,1016.47,5.44,310.0,,clear-day,Clear,2010,09
6303,2010-09-20T15,93.34,55.59,9.78,0.28,0.24,1015.57,3.12,334.0,,clear-day,Clear,2010,09
6304,2010-09-20T16,94.54,54.12,10.0,0.26,0.22,1014.89,4.5,353.0,,clear-day,Clear,2010,09
6305,2010-09-20T17,94.59,57.66,10.0,0.29,0.22,1014.59,4.48,338.0,,clear-day,Clear,2010,09
6306,2010-09-20T18,93.5,56.03,10.0,0.29,0.23,1014.58,5.23,275.0,,clear-day,Clear,2010,09
6307,2010-09-20T19,90.41,56.05,10.0,0.31,0.03,1014.52,4.54,322.0,,clear-day,Clear,2010,09
6308,2010-09-20T20,84.06,61.88,9.86,0.47,0.25,1017.08,4.2,186.0,,partly-cloudy-night,Partly Cloudy,2010,09
6309,2010-09-20T21,80.58,59.54,9.93,0.49,0.0,1015.14,3.0,170.0,,clear-night,Clear,2010,09
6310,2010-09-20T22,78.59,60.64,9.9,0.54,0.0,1015.61,,,,clear-night,Clear,2010,09
6311,2010-09-20T23,78.68,60.31,9.8,0.53,0.0,1016.02,3.57,80.0,,clear-night,Clear,2010,09
6312,2010-09-21T00,75.72,61.27,9.68,0.61,0.0,1016.21,0.0,,,clear-night,Clear,2010,09
6313,2010-09-21T01,75.29,61.35,9.65,0.62,0.0,1016.11,,,,clear-night,Clear,2010,09
6314,2010-09-21T02,74.15,61.47,9.52,0.65,0.0,1016.03,1.42,60.0,,clear-night,Clear,2010,09
6315,2010-09-21T03,73.99,60.75,9.6,0.63,0.0,1016.05,1.42,50.0,,clear-night,Clear,2010,09
6316,2010-09-21T04,73.04,61.35,9.53,0.67,0.0,1015.97,1.51,40.0,,clear-night,Clear,2010,09
6317,2010-09-21T05,71.67,60.96,8.73,0.69,0.0,1016.07,3.19,30.0,,clear-night,Clear,2010,09
6318,2010-09-21T06,70.22,61.21,9.27,0.73,0.0,1016.6,3.37,26.0,,clear-night,Clear,2010,09
6319,2010-09-21T07,69.93,60.8,8.78,0.73,0.0,1017.15,4.69,78.0,,clear-night,Clear,2010,09
6320,2010-09-21T08,69.81,60.3,7.62,0.72,0.2,1017.95,5.21,87.0,,clear-day,Clear,2010,09
6321,2010-09-21T09,74.16,61.82,9.48,0.65,0.2,1018.65,6.51,87.0,,clear-day,Clear,2010,09
6322,2010-09-21T10,78.82,61.56,9.97,0.56,0.2,1019.09,6.34,77.0,,clear-day,Clear,2010,09
6323,2010-09-21T11,83.69,61.55,9.92,0.47,0.21,1019.31,4.52,117.0,,clear-day,Clear,2010,09
6324,2010-09-21T12,88.31,61.36,10.0,0.41,0.2,1019.2,2.77,92.0,,clear-day,Clear,2010,09
6325,2010-09-21T13,90.77,59.57,10.0,0.35,0.21,1018.71,4.7,96.0,,clear-day,Clear,2010,09
6326,2010-09-21T14,92.93,57.2,10.0,0.3,0.23,1018.0,5.17,196.0,,clear-day,Clear,2010,09
6327,2010-09-21T15,94.43,58.8,10.0,0.31,0.28,1017.28,6.21,203.0,,partly-cloudy-day,Partly Cloudy,2010,09
6328,2010-09-21T16,94.15,59.61,9.88,0.32,0.27,1016.79,8.22,141.0,,partly-cloudy-day,Partly Cloudy,2010,09
6329,2010-09-21T17,93.17,59.73,9.9,0.33,0.24,1016.56,8.08,161.0,rain,clear-day,Clear,2010,09
6330,2010-09-21T18,90.65,57.51,9.78,0.33,0.24,1016.37,5.89,199.0,,clear-day,Clear,2010,09
6331,2010-09-21T19,87.41,61.1,9.57,0.41,0.26,1016.6,4.24,193.0,,partly-cloudy-day,Partly Cloudy,2010,09
6332,2010-09-21T20,80.89,68.61,9.84,0.66,0.25,1019.62,2.9,169.0,,partly-cloudy-night,Partly Cloudy,2010,09
6333,2010-09-21T21,81.88,61.77,9.78,0.51,0.51,1017.29,6.72,159.0,,partly-cloudy-night,Partly Cloudy,2010,09
6334,2010-09-21T22,78.97,63.35,9.71,0.59,0.23,1017.7,5.69,189.0,,clear-night,Clear,2010,09
6335,2010-09-21T23,77.25,63.45,9.69,0.63,0.25,1018.16,4.5,236.0,,partly-cloudy-night,Partly Cloudy,2010,09
6336,2010-09-22T00,75.12,63.49,9.5,0.67,0.22,1018.37,5.88,189.0,,clear-night,Clear,2010,09
6337,2010-09-22T01,75.12,63.55,9.5,0.67,0.24,1018.66,3.01,134.0,,clear-night,Clear,2010,09
6338,2010-09-22T02,75.85,62.99,9.61,0.64,0.24,1018.86,6.55,151.0,,clear-night,Clear,2010,09
6339,2010-09-22T03,74.69,64.29,9.86,0.7,0.52,1019.25,8.24,178.0,,partly-cloudy-night,Partly Cloudy,2010,09
6340,2010-09-22T04,73.5,65.11,9.74,0.75,0.53,1019.38,6.22,173.0,,partly-cloudy-night,Partly Cloudy,2010,09
6341,2010-09-22T05,72.45,65.21,9.41,0.78,0.62,1019.76,5.69,198.0,,partly-cloudy-night,Mostly Cloudy,2010,09
6342,2010-09-22T06,71.69,65.17,9.37,0.8,0.3,1020.28,5.67,197.0,,partly-cloudy-night,Partly Cloudy,2010,09
6343,2010-09-22T07,71.09,65.55,8.92,0.83,0.29,1020.98,5.66,178.0,rain,partly-cloudy-night,Partly Cloudy,2010,09
6344,2010-09-22T08,70.8,66.03,7.86,0.85,0.61,1021.8,4.62,178.0,rain,partly-cloudy-day,Mostly Cloudy,2010,09
6345,2010-09-22T09,73.95,66.23,9.32,0.77,0.59,1022.3,2.98,221.0,rain,partly-cloudy-day,Partly Cloudy,2010,09
6346,2010-09-22T10,77.84,66.37,9.6,0.68,0.28,1022.61,4.64,214.0,,partly-cloudy-day,Partly Cloudy,2010,09
6347,2010-09-22T11,80.91,66.07,9.69,0.61,0.23,1022.68,5.58,221.0,,clear-day,Clear,2010,09
6348,2010-09-22T12,84.41,66.51,9.66,0.55,0.24,1022.4,1.92,233.0,,clear-day,Clear,2010,09
6349,2010-09-22T13,86.61,65.54,9.66,0.5,0.23,1021.69,2.98,245.0,,clear-day,Clear,2010,09
6350,2010-09-22T14,88.11,64.67,9.61,0.46,0.23,1020.97,2.73,230.0,,clear-day,Clear,2010,09
6351,2010-09-22T15,88.87,66.76,9.73,0.48,0.26,1020.16,5.08,207.0,,partly-cloudy-day,Partly Cloudy,2010,09
6352,2010-09-22T16,90.65,65.92,9.77,0.44,0.57,1019.55,6.07,198.0,,partly-cloudy-day,Partly Cloudy,2010,09
6353,2010-09-22T17,91.21,65.31,9.77,0.43,0.56,1019.17,4.03,141.0,,partly-cloudy-day,Partly Cloudy,2010,09
6354,2010-09-22T18,85.17,66.26,9.31,0.53,0.56,1019.61,4.2,100.0,rain,rain,Rain,2010,09
6355,2010-09-22T19,84.67,66.04,9.84,0.54,0.26,1019.5,1.88,145.0,rain,partly-cloudy-day,Partly Cloudy,2010,09
6356,2010-09-22T20,81.96,59.68,10.0,0.47,0.02,1020.0,5.81,150.0,,clear-night,Clear,2010,09
6357,2010-09-22T21,78.68,67.72,9.76,0.69,0.21,1020.09,2.93,160.0,,clear-night,Clear,2010,09
6358,2010-09-22T22,77.54,66.37,9.64,0.69,0.0,1020.7,2.67,146.0,,clear-night,Clear,2010,09
6359,2010-09-22T23,76.37,65.6,9.52,0.69,0.0,1020.96,4.26,154.0,,clear-night,Clear,2010,09
6360,2010-09-23T00,74.66,65.44,9.4,0.73,0.0,1021.13,2.61,163.0,,clear-night,Clear,2010,09
6361,2010-09-23T01,75.08,64.68,9.26,0.7,0.0,1021.04,2.51,145.0,,clear-night,Clear,2010,09
6362,2010-09-23T02,73.36,63.9,9.15,0.72,0.0,1020.92,5.96,169.0,,clear-night,Clear,2010,09
6363,2010-09-23T03,72.34,63.97,8.94,0.75,0.0,1021.13,8.0,180.0,,clear-night,Clear,2010,09
6364,2010-09-23T04,70.78,63.42,8.97,0.78,0.0,1021.22,5.0,190.0,,clear-night,Clear,2010,09
6365,2010-09-23T05,69.77,63.5,8.85,0.81,0.0,1021.44,3.0,160.0,,clear-night,Clear,2010,09
6366,2010-09-23T06,68.85,63.33,8.7,0.83,0.0,1022.13,3.0,340.0,,clear-night,Clear,2010,09
6367,2010-09-23T07,69.94,63.24,8.48,0.79,0.0,1022.73,3.0,150.0,,clear-night,Clear,2010,09
6368,2010-09-23T08,68.78,63.4,6.78,0.83,0.0,1023.43,3.0,140.0,,clear-day,Clear,2010,09
6369,2010-09-23T09,72.42,64.39,8.8,0.76,0.0,1023.93,5.0,220.0,,clear-day,Clear,2010,09
6370,2010-09-23T10,76.81,64.22,9.39,0.65,0.0,1023.9,2.44,166.0,,clear-day,Clear,2010,09
6371,2010-09-23T11,80.27,63.22,9.73,0.56,0.0,1023.81,2.94,142.0,,clear-day,Clear,2010,09
6372,2010-09-23T12,83.92,63.79,9.73,0.51,0.22,1023.67,4.18,91.0,,clear-day,Clear,2010,09
6373,2010-09-23T13,85.53,63.21,9.79,0.47,0.25,1023.05,6.4,106.0,,partly-cloudy-day,Partly Cloudy,2010,09
6374,2010-09-23T14,88.33,63.25,9.9,0.43,0.35,1022.08,7.54,136.0,,partly-cloudy-day,Partly Cloudy,2010,09
6375,2010-09-23T15,89.84,61.03,9.96,0.38,0.32,1020.98,13.01,147.0,,partly-cloudy-day,Partly Cloudy,2010,09
6376,2010-09-23T16,90.62,60.26,10.0,0.36,0.35,1020.46,6.16,123.0,,partly-cloudy-day,Partly Cloudy,2010,09
6377,2010-09-23T17,89.9,58.26,10.0,0.35,0.29,1020.05,9.34,145.0,,partly-cloudy-day,Partly Cloudy,2010,09
6378,2010-09-23T18,88.16,57.6,9.94,0.36,0.29,1019.78,10.1,171.0,,partly-cloudy-day,Partly Cloudy,2010,09
6379,2010-09-23T19,85.94,57.64,10.0,0.38,0.22,1019.87,8.09,148.0,,clear-day,Clear,2010,09
6380,2010-09-23T20,80.57,65.14,10.0,0.6,0.51,1018.44,4.78,189.0,,partly-cloudy-night,Partly Cloudy,2010,09
6381,2010-09-23T21,80.37,60.48,10.0,0.51,0.01,1020.59,4.75,125.0,,clear-night,Clear,2010,09
6382,2010-09-23T22,77.87,61.11,9.87,0.56,0.02,1021.12,3.06,139.0,,clear-night,Clear,2010,09
6383,2010-09-23T23,76.57,61.62,9.72,0.6,0.01,1021.53,5.75,140.0,,clear-night,Clear,2010,09
6384,2010-09-24T00,74.97,60.9,9.68,0.62,0.23,1021.92,4.9,150.0,,clear-night,Clear,2010,09
6385,2010-09-24T01,73.72,60.48,9.6,0.63,0.26,1022.02,4.7,140.0,,partly-cloudy-night,Partly Cloudy,2010,09
6386,2010-09-24T02,73.02,60.93,9.7,0.66,0.28,1022.03,4.83,141.0,,partly-cloudy-night,Partly Cloudy,2010,09
6387,2010-09-24T03,71.58,61.46,9.79,0.7,0.24,1022.17,2.91,150.0,,clear-night,Clear,2010,09
6388,2010-09-24T04,70.83,62.2,9.57,0.74,0.22,1021.81,4.84,152.0,,clear-night,Clear,2010,09
6389,2010-09-24T05,70.49,62.87,9.57,0.77,0.01,1021.61,2.96,144.0,,clear-night,Clear,2010,09
6390,2010-09-24T06,69.49,62.87,9.47,0.8,0.0,1021.53,3.02,151.0,,clear-night,Clear,2010,09
6391,2010-09-24T07,67.98,62.75,9.52,0.83,0.0,1021.91,,,,clear-night,Clear,2010,09
6392,2010-09-24T08,68.87,63.67,9.52,0.84,0.0,1022.33,3.0,120.0,,clear-day,Clear,2010,09
6393,2010-09-24T09,72.73,65.79,9.82,0.79,0.2,1022.44,3.16,166.0,,clear-day,Clear,2010,09
6394,2010-09-24T10,77.81,66.35,10.0,0.68,0.21,1022.62,4.84,213.0,,clear-day,Clear,2010,09
6395,2010-09-24T11,81.01,67.05,10.0,0.63,0.2,1022.8,4.28,197.0,,clear-day,Clear,2010,09
6396,2010-09-24T12,85.39,68.42,10.0,0.57,0.25,1022.4,7.49,247.0,,partly-cloudy-day,Partly Cloudy,2010,09
6397,2010-09-24T13,85.93,66.62,10.0,0.53,0.73,1021.88,5.83,206.0,,partly-cloudy-day,Mostly Cloudy,2010,09
6398,2010-09-24T14,86.78,64.25,10.0,0.47,0.74,1021.09,4.97,270.0,,partly-cloudy-day,Mostly Cloudy,2010,09
6399,2010-09-24T15,85.74,63.83,10.0,0.48,0.72,1020.34,2.87,186.0,,partly-cloudy-day,Mostly Cloudy,2010,09
6400,2010-09-24T16,86.71,62.89,10.0,0.45,0.7,1019.52,3.53,185.0,,partly-cloudy-day,Mostly Cloudy,2010,09
6401,2010-09-24T17,87.37,63.2,10.0,0.45,0.66,1018.73,7.12,163.0,,partly-cloudy-day,Mostly Cloudy,2010,09
6402,2010-09-24T18,87.69,63.79,10.0,0.45,0.59,1018.37,7.12,190.0,,partly-cloudy-day,Partly Cloudy,2010,09
6403,2010-09-24T19,84.64,64.84,10.0,0.52,0.26,1018.23,6.83,196.0,,partly-cloudy-day,Partly Cloudy,2010,09
6404,2010-09-24T20,81.72,64.08,10.0,0.55,0.28,1012.51,7.03,341.0,,partly-cloudy-night,Partly Cloudy,2010,09
6405,2010-09-24T21,78.25,65.18,10.0,0.64,0.22,1018.55,5.5,180.0,,clear-night,Clear,2010,09
6406,2010-09-24T22,76.8,65.33,10.0,0.68,0.2,1018.95,4.77,192.0,,clear-night,Clear,2010,09
6407,2010-09-24T23,75.69,65.54,10.0,0.71,0.01,1018.88,4.85,192.0,,clear-night,Clear,2010,09
6408,2010-09-25T00,74.63,65.25,9.97,0.73,0.0,1018.68,5.0,230.0,,clear-night,Clear,2010,09
6409,2010-09-25T01,73.46,65.2,9.75,0.75,0.0,1018.5,5.0,230.0,,clear-night,Clear,2010,09
6410,2010-09-25T02,73.04,65.14,9.74,0.76,0.0,1018.2,0.0,,,clear-night,Clear,2010,09
6411,2010-09-25T03,72.05,64.4,9.74,0.77,0.21,1017.89,,,,clear-night,Clear,2010,09
6412,2010-09-25T04,71.25,64.2,9.67,0.78,0.0,1017.42,4.89,220.0,,clear-night,Clear,2010,09
6413,2010-09-25T05,70.28,64.05,9.56,0.81,0.01,1017.21,5.88,231.0,,clear-night,Clear,2010,09
6414,2010-09-25T06,69.43,63.38,9.47,0.81,0.05,1017.12,5.87,211.0,,clear-night,Clear,2010,09
6415,2010-09-25T07,69.33,63.31,9.43,0.81,0.26,1017.22,2.63,255.0,,partly-cloudy-night,Partly Cloudy,2010,09
6416,2010-09-25T08,69.59,63.5,9.27,0.81,0.27,1017.23,4.75,228.0,,partly-cloudy-day,Partly Cloudy,2010,09
6417,2010-09-25T09,74.08,64.68,9.86,0.73,0.24,1017.12,3.19,263.0,,clear-day,Clear,2010,09
6418,2010-09-25T10,79.53,64.28,10.0,0.6,0.22,1017.12,7.55,306.0,,clear-day,Clear,2010,09
6419,2010-09-25T11,83.92,63.96,10.0,0.51,0.22,1017.18,7.04,316.0,,clear-day,Clear,2010,09
6420,2010-09-25T12,86.92,62.27,10.0,0.44,0.23,1016.89,6.38,308.0,,clear-day,Clear,2010,09
6421,2010-09-25T13,89.61,61.59,10.0,0.39,0.55,1016.27,5.95,280.0,,partly-cloudy-day,Partly Cloudy,2010,09
6422,2010-09-25T14,91.26,58.82,10.0,0.34,0.59,1015.31,6.83,294.0,,partly-cloudy-day,Partly Cloudy,2010,09
6423,2010-09-25T15,90.16,60.4,10.0,0.37,0.58,1014.15,6.34,296.0,,partly-cloudy-day,Partly Cloudy,2010,09
6424,2010-09-25T16,90.8,60.63,10.0,0.37,0.66,1012.99,5.12,257.0,,partly-cloudy-day,Mostly Cloudy,2010,09
6425,2010-09-25T17,90.65,62.58,10.0,0.39,0.58,1012.29,14.52,328.0,,partly-cloudy-day,Partly Cloudy,2010,09
6426,2010-09-25T18,88.01,63.24,10.0,0.44,0.27,1012.23,11.35,329.0,,partly-cloudy-day,Partly Cloudy,2010,09
6427,2010-09-25T19,84.59,63.74,10.0,0.5,0.27,1012.39,7.86,340.0,,partly-cloudy-day,Partly Cloudy,2010,09
6428,2010-09-25T20,64.65,64.07,3.97,0.98,1.0,1009.5,6.23,304.0,rain,rain,Rain,2010,09
6429,2010-09-25T21,80.9,64.73,10.0,0.58,0.29,1012.59,6.84,6.0,,partly-cloudy-night,Partly Cloudy,2010,09
6430,2010-09-25T22,78.45,65.1,10.0,0.64,0.27,1012.47,8.96,359.0,,partly-cloudy-night,Partly Cloudy,2010,09
6431,2010-09-25T23,76.65,64.79,9.82,0.67,0.34,1012.68,3.5,328.0,,partly-cloudy-night,Partly Cloudy,2010,09
6432,2010-09-26T00,75.18,65.6,9.56,0.72,0.71,1012.87,4.6,200.0,rain,partly-cloudy-night,Mostly Cloudy,2010,09
6433,2010-09-26T01,74.65,65.95,9.56,0.74,0.73,1012.6,1.53,267.0,rain,partly-cloudy-night,Mostly Cloudy,2010,09
6434,2010-09-26T02,71.87,67.76,5.96,0.87,0.86,1011.91,4.7,152.0,rain,rain,Light Rain,2010,09
6435,2010-09-26T03,72.46,69.03,9.47,0.89,0.86,1011.54,3.12,263.0,rain,partly-cloudy-night,Mostly Cloudy,2010,09
6436,2010-09-26T04,71.63,67.47,9.37,0.87,0.88,1011.23,2.14,325.0,rain,partly-cloudy-night,Mostly Cloudy,2010,09
6437,2010-09-26T05,70.03,67.59,8.8,0.92,0.69,1010.88,1.83,17.0,rain,partly-cloudy-night,Mostly Cloudy,2010,09
6438,2010-09-26T06,70.67,68.02,7.67,0.91,0.96,1010.88,4.56,271.0,rain,cloudy,Overcast,2010,09
6439,2010-09-26T07,70.32,66.01,9.24,0.86,0.73,1011.19,2.5,39.0,rain,partly-cloudy-night,Mostly Cloudy,2010,09
6440,2010-09-26T08,70.3,65.47,9.07,0.85,0.66,1011.01,4.58,88.0,rain,partly-cloudy-day,Mostly Cloudy,2010,09
6441,2010-09-26T09,70.88,66.45,9.72,0.86,0.76,1011.03,5.05,111.0,,partly-cloudy-day,Mostly Cloudy,2010,09
6442,2010-09-26T10,71.72,67.03,9.44,0.85,0.96,1011.55,2.1,87.0,rain,cloudy,Overcast,2010,09
6443,2010-09-26T11,72.58,67.19,9.2,0.83,1.0,1011.7,4.75,86.0,rain,cloudy,Overcast,2010,09
6444,2010-09-26T12,72.0,66.44,8.29,0.83,1.0,1011.31,8.55,27.0,rain,rain,Light Rain,2010,09
6445,2010-09-26T13,68.37,65.88,2.71,0.92,1.0,1010.86,12.81,343.0,rain,rain,Rain,2010,09
6446,2010-09-26T14,67.97,64.42,5.66,0.88,0.99,1010.09,8.73,21.0,rain,rain,Rain,2010,09
6447,2010-09-26T15,67.66,63.65,6.74,0.87,0.96,1009.8,10.71,19.0,rain,rain,Rain,2010,09
6448,2010-09-26T16,66.74,63.57,3.65,0.9,0.98,1009.88,5.28,333.0,rain,rain,Light Rain,2010,09
6449,2010-09-26T17,65.08,62.63,3.49,0.92,1.0,1009.84,6.7,7.0,rain,rain,Rain,2010,09
6450,2010-09-26T18,65.02,62.7,4.39,0.92,0.94,1008.85,7.04,43.0,rain,rain,Rain,2010,09
6451,2010-09-26T19,65.67,64.03,8.63,0.94,0.99,1008.88,3.52,43.0,rain,cloudy,Overcast,2010,09
6452,2010-09-26T20,61.24,58.14,9.32,0.9,0.68,1007.56,9.51,335.0,rain,rain,Rain,2010,09
6453,2010-09-26T21,65.8,63.95,4.62,0.94,1.0,1009.23,6.18,115.0,rain,rain,Light Rain,2010,09
6454,2010-09-26T22,65.83,64.17,6.63,0.94,0.99,1008.17,6.61,117.0,rain,cloudy,Overcast,2010,09
6455,2010-09-26T23,66.64,64.7,6.71,0.93,0.98,1008.66,5.93,99.0,rain,rain,Light Rain,2010,09
6456,2010-09-27T00,66.53,64.59,6.73,0.94,1.0,1008.46,9.43,88.0,,cloudy,Overcast,2010,09
6457,2010-09-27T01,65.92,64.03,6.77,0.94,1.0,1008.72,4.31,81.0,,cloudy,Overcast,2010,09
6458,2010-09-27T02,65.75,64.02,5.28,0.94,1.0,1008.03,7.09,75.0,rain,cloudy,Overcast,2010,09
6459,2010-09-27T03,65.72,63.97,3.14,0.94,1.0,1007.72,6.0,67.0,rain,cloudy,Overcast,2010,09
6460,2010-09-27T04,64.34,64.09,4.2,0.99,1.0,1005.51,11.46,59.0,rain,rain,Drizzle,2010,09
6461,2010-09-27T05,64.93,64.08,5.71,0.97,1.0,1006.4,5.08,68.0,rain,rain,Light Rain,2010,09
6462,2010-09-27T06,65.63,63.97,2.7,0.94,0.99,1005.74,5.42,16.0,rain,rain,Light Rain,2010,09
6463,2010-09-27T07,65.5,63.9,2.19,0.95,1.0,1006.66,1.64,354.0,rain,rain,Drizzle,2010,09
6464,2010-09-27T08,64.87,64.01,2.93,0.97,1.0,1006.9,3.92,325.0,rain,rain,Light Rain,2010,09
6465,2010-09-27T09,65.79,63.95,6.59,0.94,0.83,1007.11,2.34,273.0,rain,partly-cloudy-day,Mostly Cloudy,2010,09
6466,2010-09-27T10,66.82,64.67,8.38,0.93,1.0,1007.2,2.52,287.0,,cloudy,Overcast,2010,09
6467,2010-09-27T11,69.24,64.16,9.75,0.84,0.82,1007.25,4.35,275.0,rain,partly-cloudy-day,Mostly Cloudy,2010,09
6468,2010-09-27T12,71.61,64.23,9.83,0.78,0.76,1007.36,5.55,252.0,,partly-cloudy-day,Mostly Cloudy,2010,09
6469,2010-09-27T13,73.63,63.31,9.83,0.7,0.41,1007.1,5.59,258.0,,partly-cloudy-day,Partly Cloudy,2010,09
6470,2010-09-27T14,76.16,61.15,9.77,0.6,0.39,1006.15,6.44,243.0,rain,partly-cloudy-day,Partly Cloudy,2010,09
6471,2010-09-27T15,75.97,60.7,9.89,0.59,0.67,1005.49,7.66,263.0,rain,partly-cloudy-day,Mostly Cloudy,2010,09
6472,2010-09-27T16,76.98,59.51,10.0,0.55,0.65,1005.18,7.84,248.0,,partly-cloudy-day,Mostly Cloudy,2010,09
6473,2010-09-27T17,77.83,58.47,10.0,0.51,0.62,1004.91,8.54,232.0,,partly-cloudy-day,Mostly Cloudy,2010,09
6474,2010-09-27T18,68.96,59.78,6.61,0.73,0.75,1005.52,12.66,235.0,rain,rain,Light Rain,2010,09
6475,2010-09-27T19,62.97,57.38,8.84,0.82,0.76,1007.42,11.33,317.0,rain,rain,Light Rain,2010,09
6476,2010-09-27T20,69.05,51.98,10.0,0.55,0.51,1007.74,3.43,274.0,,partly-cloudy-night,Partly Cloudy,2010,09
6477,2010-09-27T21,60.52,58.11,9.93,0.92,0.31,1007.73,5.69,311.0,rain,partly-cloudy-night,Partly Cloudy,2010,09
6478,2010-09-27T22,60.44,58.15,9.66,0.92,0.32,1008.45,5.8,282.0,,partly-cloudy-night,Partly Cloudy,2010,09
6479,2010-09-27T23,60.03,57.8,9.59,0.92,0.28,1008.44,6.04,295.0,,partly-cloudy-night,Partly Cloudy,2010,09
6480,2010-09-28T00,59.0,57.0,9.55,0.93,0.22,1008.54,5.13,262.0,,clear-night,Clear,2010,09
6481,2010-09-28T01,57.4,55.53,8.73,0.93,0.54,1008.63,5.64,265.0,,partly-cloudy-night,Partly Cloudy,2010,09
6482,2010-09-28T02,57.86,55.99,8.4,0.93,0.29,1008.77,7.8,270.0,,partly-cloudy-night,Partly Cloudy,2010,09
6483,2010-09-28T03,57.08,55.22,9.32,0.93,0.27,1008.23,8.38,278.0,rain,partly-cloudy-night,Partly Cloudy,2010,09
6484,2010-09-28T04,56.22,54.27,7.45,0.93,0.25,1007.92,6.45,281.0,,partly-cloudy-night,Partly Cloudy,2010,09
6485,2010-09-28T05,55.41,53.48,8.05,0.93,0.26,1007.75,7.53,289.0,,partly-cloudy-night,Partly Cloudy,2010,09
6486,2010-09-28T06,55.23,53.3,9.19,0.93,0.06,1008.36,7.23,299.0,,clear-night,Clear,2010,09
6487,2010-09-28T07,55.05,53.31,8.62,0.94,0.15,1008.77,7.16,290.0,,clear-night,Clear,2010,09
6488,2010-09-28T08,54.67,52.75,6.37,0.93,0.4,1009.24,6.22,292.0,rain,partly-cloudy-day,Partly Cloudy,2010,09
6489,2010-09-28T09,57.44,54.55,6.84,0.9,0.66,1009.65,7.31,317.0,,partly-cloudy-day,Mostly Cloudy,2010,09
6490,2010-09-28T10,59.31,55.4,6.0,0.87,0.62,1010.0,6.87,308.0,,partly-cloudy-day,Mostly Cloudy,2010,09
6491,2010-09-28T11,63.75,56.72,9.66,0.78,0.55,1010.11,5.7,303.0,,partly-cloudy-day,Partly Cloudy,2010,09
6492,2010-09-28T12,66.96,55.5,9.89,0.67,0.53,1009.96,5.3,302.0,rain,partly-cloudy-day,Partly Cloudy,2010,09
6493,2010-09-28T13,71.39,53.31,9.89,0.53,0.24,1009.19,8.25,323.0,,clear-day,Clear,2010,09
6494,2010-09-28T14,73.85,51.15,9.89,0.45,0.25,1008.6,7.56,309.0,,partly-cloudy-day,Partly Cloudy,2010,09
6495,2010-09-28T15,74.82,49.71,9.89,0.41,0.25,1008.07,5.88,281.0,,partly-cloudy-day,Partly Cloudy,2010,09
6496,2010-09-28T16,74.22,50.21,10.0,0.43,0.53,1007.45,8.17,344.0,,partly-cloudy-day,Partly Cloudy,2010,09
6497,2010-09-28T17,74.86,49.61,10.0,0.41,0.52,1007.08,5.43,290.0,,partly-cloudy-day,Partly Cloudy,2010,09
6498,2010-09-28T18,73.92,48.84,10.0,0.41,0.52,1007.07,4.06,295.0,,partly-cloudy-day,Partly Cloudy,2010,09
6499,2010-09-28T19,72.08,49.9,10.0,0.46,0.53,1007.48,5.36,345.0,,partly-cloudy-day,Partly Cloudy,2010,09
6500,2010-09-28T20,67.61,60.27,9.92,0.77,0.34,1005.28,11.18,51.0,rain,partly-cloudy-night,Partly Cloudy,2010,09
6501,2010-09-28T21,66.02,54.0,10.0,0.65,0.24,1008.26,2.84,336.0,,clear-night,Clear,2010,09
6502,2010-09-28T22,65.21,53.52,10.0,0.66,0.24,1007.99,5.68,330.0,,clear-night,Clear,2010,09
6503,2010-09-28T23,63.18,54.79,9.9,0.74,0.52,1008.44,2.6,314.0,,partly-cloudy-night,Partly Cloudy,2010,09
6504,2010-09-29T00,63.63,53.69,9.67,0.7,0.5,1008.3,5.78,10.0,,partly-cloudy-night,Partly Cloudy,2010,09
6505,2010-09-29T01,60.01,54.21,9.62,0.81,0.21,1008.28,2.97,339.0,,clear-night,Clear,2010,09
6506,2010-09-29T02,58.99,54.08,9.37,0.84,0.21,1007.99,5.86,341.0,,clear-night,Clear,2010,09
6507,2010-09-29T03,58.93,53.29,9.54,0.82,0.22,1007.69,6.62,341.0,rain,clear-night,Clear,2010,09
6508,2010-09-29T04,59.32,52.5,9.32,0.78,0.21,1007.37,4.73,2.0,,clear-night,Clear,2010,09
6509,2010-09-29T05,56.97,52.21,9.21,0.84,0.21,1007.49,3.0,10.0,,clear-night,Clear,2010,09
6510,2010-09-29T06,58.04,52.93,9.34,0.83,0.01,1007.52,4.81,12.0,,clear-night,Clear,2010,09
6511,2010-09-29T07,57.67,52.33,9.2,0.82,0.23,1008.04,7.08,32.0,rain,clear-night,Clear,2010,09
6512,2010-09-29T08,58.81,52.3,9.08,0.79,0.23,1008.28,6.51,50.0,,clear-day,Clear,2010,09
6513,2010-09-29T09,62.45,54.78,9.48,0.76,0.22,1008.55,7.35,60.0,,clear-day,Clear,2010,09
6514,2010-09-29T10,66.4,56.05,9.87,0.69,0.23,1008.68,6.39,76.0,,clear-day,Clear,2010,09
6515,2010-09-29T11,70.33,59.08,10.0,0.68,0.28,1008.27,8.25,82.0,,partly-cloudy-day,Partly Cloudy,2010,09
6516,2010-09-29T12,73.14,59.37,10.0,0.62,0.66,1007.69,11.17,60.0,,partly-cloudy-day,Mostly Cloudy,2010,09
6517,2010-09-29T13,75.07,57.57,10.0,0.55,0.64,1007.17,7.41,41.0,,partly-cloudy-day,Mostly Cloudy,2010,09
6518,2010-09-29T14,75.26,56.67,10.0,0.53,0.74,1006.57,6.34,58.0,,partly-cloudy-day,Mostly Cloudy,2010,09
6519,2010-09-29T15,76.61,57.2,10.0,0.51,0.72,1005.77,7.21,70.0,,partly-cloudy-day,Mostly Cloudy,2010,09
6520,2010-09-29T16,75.73,58.38,10.0,0.55,0.75,1005.44,14.69,77.0,,partly-cloudy-day,Mostly Cloudy,2010,09
6521,2010-09-29T17,74.45,58.65,9.93,0.58,0.44,1005.36,14.19,61.0,,partly-cloudy-day,Partly Cloudy,2010,09
6522,2010-09-29T18,73.32,58.59,10.0,0.6,0.67,1005.26,12.05,66.0,,partly-cloudy-day,Mostly Cloudy,2010,09
6523,2010-09-29T19,70.01,60.21,9.87,0.71,0.37,1005.49,11.66,69.0,,partly-cloudy-day,Partly Cloudy,2010,09
6524,2010-09-29T20,69.29,57.39,10.0,0.66,0.01,1005.44,8.19,330.0,,clear-night,Clear,2010,09
6525,2010-09-29T21,65.63,60.89,9.8,0.85,0.85,1005.31,11.66,50.0,rain,partly-cloudy-night,Mostly Cloudy,2010,09
6526,2010-09-29T22,65.33,59.47,9.67,0.81,0.72,1005.39,9.15,48.0,rain,partly-cloudy-night,Mostly Cloudy,2010,09
6527,2010-09-29T23,64.8,59.63,9.91,0.83,0.77,1005.35,7.82,56.0,rain,partly-cloudy-night,Mostly Cloudy,2010,09
6528,2010-09-30T00,64.04,59.71,9.5,0.86,0.8,1004.9,8.39,48.0,rain,partly-cloudy-night,Mostly Cloudy,2010,09
6529,2010-09-30T01,64.75,60.39,9.62,0.86,0.81,1004.15,10.73,48.0,rain,partly-cloudy-night,Mostly Cloudy,2010,09
6530,2010-09-30T02,64.51,61.05,6.58,0.89,0.98,1003.69,6.44,16.0,rain,rain,Light Rain,2010,09
6531,2010-09-30T03,64.39,61.84,6.22,0.91,0.95,1003.5,7.83,16.0,rain,rain,Light Rain,2010,09
6532,2010-09-30T04,63.74,61.9,6.35,0.94,0.99,1003.19,7.47,339.0,rain,rain,Light Rain,2010,09
6533,2010-09-30T05,63.64,61.78,6.64,0.94,1.0,1002.77,7.15,329.0,rain,rain,Rain,2010,09
6534,2010-09-30T06,62.95,61.81,6.99,0.96,0.96,1002.63,4.56,288.0,rain,rain,Light Rain,2010,09
6535,2010-09-30T07,62.75,60.77,7.63,0.93,0.88,1003.04,5.94,302.0,rain,partly-cloudy-night,Mostly Cloudy,2010,09
6536,2010-09-30T08,62.77,60.68,7.36,0.93,0.4,1003.56,6.02,284.0,rain,partly-cloudy-day,Partly Cloudy,2010,09
6537,2010-09-30T09,63.3,61.02,6.93,0.92,0.69,1003.74,7.82,311.0,rain,partly-cloudy-day,Mostly Cloudy,2010,09
6538,2010-09-30T10,65.16,61.4,9.79,0.88,0.71,1004.03,10.07,338.0,rain,partly-cloudy-day,Mostly Cloudy,2010,09
6539,2010-09-30T11,70.94,62.56,10.0,0.75,0.76,1004.27,13.31,321.0,rain,partly-cloudy-day,Mostly Cloudy,2010,09
6540,2010-09-30T12,70.16,60.72,9.94,0.72,0.76,1004.72,13.35,322.0,,partly-cloudy-day,Mostly Cloudy,2010,09
6541,2010-09-30T13,71.6,61.21,9.79,0.7,0.75,1004.58,13.16,339.0,rain,partly-cloudy-day,Mostly Cloudy,2010,09
6542,2010-09-30T14,72.12,61.4,9.57,0.69,0.76,1004.59,13.47,346.0,rain,partly-cloudy-day,Mostly Cloudy,2010,09
6543,2010-09-30T15,71.86,62.09,9.82,0.71,0.71,1004.27,12.85,339.0,rain,partly-cloudy-day,Mostly Cloudy,2010,09
6544,2010-09-30T16,72.52,60.49,9.89,0.66,0.68,1004.43,12.99,338.0,rain,partly-cloudy-day,Mostly Cloudy,2010,09
6545,2010-09-30T17,73.41,60.71,9.89,0.65,0.6,1004.58,9.32,349.0,,partly-cloudy-day,Mostly Cloudy,2010,09
6546,2010-09-30T18,75.7,58.1,10.0,0.54,0.24,1004.54,9.7,338.0,,clear-day,Clear,2010,09
6547,2010-09-30T19,73.47,56.51,10.0,0.55,0.23,1004.92,7.5,328.0,,clear-day,Clear,2010,09
6548,2010-09-30T20,69.42,47.96,10.0,0.46,0.01,1011.0,9.35,330.0,,clear-night,Clear,2010,09
6549,2010-09-30T21,68.28,55.98,9.97,0.65,0.0,1006.27,8.51,335.0,,clear-night,Clear,2010,09
6550,2010-09-30T22,67.1,53.61,9.9,0.62,0.0,1007.22,7.4,330.0,,clear-night,Clear,2010,09
6551,2010-09-30T23,64.45,52.7,9.92,0.66,0.0,1007.62,7.49,319.0,,clear-night,Clear,2010,09
